timestamp,frame_index,joint_torque_1,joint_torque_2,joint_torque_3,joint_torque_4,joint_torque_5,joint_torque_6,joint_torque_7,joint_force_1,joint_force_2,joint_force_3,joint_force_4,joint_force_5,joint_force_6,joint_force_7
0.0,0,0.345,13.566,0.523,12.475,0.1192,0.516,-0.1984,0.3364,0.107,0.5515,-0.0487,0.1301,-0.3121,-0.2349
0.03333333507180214,1,0.324,13.557,0.513,12.481,0.1064,0.5392,-0.2352,0.2003,0.0162,0.3941,-0.0293,0.131,-0.2898,-0.2309
0.06666667014360428,2,0.3375,13.512,0.57,12.482,0.096,0.536,-0.2168,0.2994,-0.0322,0.5082,-0.1633,0.1463,-0.3456,-0.2343
0.10000000149011612,3,0.2085,13.539,0.41,12.501,0.0528,0.5264,-0.148,0.1648,0.0089,0.3548,-0.0816,0.1222,-0.3186,-0.1975
0.13333334028720856,4,0.363,13.4565,0.572,12.522,0.1232,0.5296,-0.1968,0.3836,-0.1337,0.6024,-0.1355,0.1428,-0.3135,-0.2561
0.1666666716337204,5,0.2715,13.518,0.474,12.474,0.1248,0.5104,-0.2072,0.3504,-0.1773,0.526,-0.2061,0.132,-0.3234,-0.2632
0.20000000298023224,6,0.3315,13.5315,0.541,12.473,0.1056,0.5376,-0.192,0.2883,-0.0459,0.4847,-0.121,0.1252,-0.3178,-0.2286
0.23333333432674408,7,0.2925,13.5165,0.505,12.504,0.1048,0.5576,-0.2104,0.2507,0.0182,0.4382,-0.1168,0.1445,-0.2976,-0.2427
0.2666666805744171,8,0.2685,13.467,0.508,12.481,0.116,0.5632,-0.2144,0.3707,-0.1773,0.578,-0.1912,0.1553,-0.3052,-0.2485
0.30000001192092896,9,0.327,13.494,0.536,12.476,0.108,0.5488,-0.1872,0.3523,-0.0747,0.5648,-0.1203,0.1286,-0.3144,-0.2493
0.3333333432674408,10,0.306,13.5135,0.506,12.497,0.1232,0.5416,-0.2312,0.2719,0.0044,0.5241,-0.0934,0.1538,-0.2931,-0.267
0.36666667461395264,11,0.3165,13.497,0.515,12.47,0.1224,0.548,-0.2096,0.3106,-0.2112,0.5255,-0.2088,0.1162,-0.3275,-0.2661
0.4000000059604645,12,0.324,13.5285,0.538,12.483,0.116,0.5424,-0.2112,0.4132,-0.0667,0.6122,-0.1379,0.1665,-0.3004,-0.2479
0.4333333373069763,13,0.303,13.521,0.514,12.473,0.1104,0.5304,-0.2144,0.2582,0.0827,0.4956,-0.0529,0.1454,-0.2954,-0.2419
0.46666666865348816,14,0.2835,13.5105,0.504,12.469,0.1416,0.516,-0.2072,0.4012,-0.1288,0.5972,-0.156,0.1228,-0.3188,-0.2442
0.5,15,0.309,13.4895,0.538,12.469,0.1152,0.5448,-0.2304,0.3088,0.0178,0.5072,-0.1048,0.1429,-0.3077,-0.2603
0.5333333611488342,16,0.3075,13.506,0.515,12.484,0.112,0.528,-0.2088,0.2131,-0.0395,0.4252,-0.0843,0.133,-0.3001,-0.2439
0.5666666626930237,17,0.2985,13.5165,0.501,12.465,0.1032,0.5352,-0.2072,0.2461,0.0526,0.4603,-0.1141,0.1419,-0.3043,-0.2416
0.6000000238418579,18,0.3465,13.479,0.516,12.46,0.12,0.5224,-0.2272,0.2776,-0.0535,0.4962,-0.1125,0.1631,-0.3127,-0.2505
0.6333333253860474,19,0.3255,13.506,0.514,12.483,0.1184,0.5312,-0.208,0.455,-0.031,0.6361,-0.1417,0.1464,-0.3181,-0.2639
0.6666666865348816,20,0.318,13.548,0.528,12.481,0.124,0.5352,-0.2168,0.1035,-0.0833,0.3358,-0.2143,0.1259,-0.3089,-0.232
0.699999988079071,21,0.324,13.53,0.511,12.476,0.1128,0.5472,-0.2192,0.3192,-0.1124,0.5143,-0.21,0.179,-0.3185,-0.2578
0.7333333492279053,22,0.2775,13.5,0.522,12.456,0.1256,0.5392,-0.2096,0.4458,-0.056,0.6356,-0.1628,0.1414,-0.31,-0.2774
0.7666666507720947,23,0.279,13.467,0.533,12.467,0.0992,0.5232,-0.2104,0.2103,0.1225,0.4059,-0.0797,0.1214,-0.2998,-0.2349
0.800000011920929,24,0.3045,13.5195,0.532,12.474,0.1032,0.5328,-0.2104,0.2383,-0.0516,0.4302,-0.1631,0.1489,-0.315,-0.2236
0.8333333134651184,25,0.306,13.506,0.521,12.475,0.1184,0.5544,-0.2048,0.2862,-0.0326,0.4811,-0.1778,0.1385,-0.3055,-0.2359
0.8666666746139526,26,0.309,13.5,0.524,12.478,0.1176,0.5416,-0.1952,0.3063,-0.0925,0.492,-0.2164,0.1364,-0.3448,-0.2376
0.8999999761581421,27,0.3135,13.5165,0.524,12.471,0.1112,0.5288,-0.2072,0.3045,-0.0784,0.5299,-0.1076,0.1297,-0.3152,-0.2457
0.9333333373069763,28,0.3405,13.5225,0.496,12.472,0.1088,0.5608,-0.2088,0.1875,-0.0315,0.4133,-0.1616,0.1409,-0.3025,-0.2332
0.9666666388511658,29,0.306,13.5015,0.518,12.494,0.124,0.5576,-0.212,0.3414,-0.0953,0.5657,-0.1585,0.1427,-0.3211,-0.2445
1.0,30,0.327,13.5255,0.515,12.484,0.116,0.5352,-0.1952,0.2596,0.0041,0.4795,-0.1108,0.1262,-0.3019,-0.2283
1.0333333015441895,31,0.333,13.4985,0.536,12.49,0.1296,0.536,-0.212,0.5024,-0.1124,0.7083,-0.1768,0.1596,-0.3063,-0.2806
1.0666667222976685,32,0.3165,13.4925,0.515,12.472,0.1168,0.536,-0.2152,0.3881,0.0721,0.6001,-0.0005,0.1434,-0.2873,-0.2691
1.100000023841858,33,0.3,13.485,0.54,12.501,0.1072,0.56,-0.1912,0.3971,-0.0015,0.6039,-0.1044,0.171,-0.2921,-0.2456
1.1333333253860474,34,0.3315,13.4925,0.539,12.474,0.1256,0.5376,-0.1952,0.2876,-0.065,0.5087,-0.0775,0.1385,-0.2987,-0.2312
1.1666666269302368,35,0.321,13.536,0.526,12.486,0.1232,0.5328,-0.2144,0.3022,-0.2674,0.4927,-0.2457,0.1489,-0.3092,-0.2475
1.2000000476837158,36,0.3045,13.5015,0.536,12.476,0.1272,0.556,-0.1968,0.2978,-0.0583,0.5258,-0.1257,0.1352,-0.2703,-0.2433
1.2333333492279053,37,0.321,13.4835,0.536,12.473,0.128,0.5488,-0.2,0.4073,-0.0304,0.5635,-0.0997,0.1416,-0.3083,-0.2728
1.2666666507720947,38,0.3015,13.533,0.504,12.486,0.116,0.5632,-0.2072,0.2955,-0.017,0.4895,-0.1722,0.167,-0.3257,-0.2411
1.2999999523162842,39,0.2955,13.4745,0.515,12.484,0.1048,0.5488,-0.2184,0.4021,0.0049,0.6309,-0.0634,0.1672,-0.2947,-0.2714
1.3333333730697632,40,0.3285,13.482,0.527,12.475,0.1184,0.5744,-0.1888,0.2408,-0.1582,0.4624,-0.2118,0.1338,-0.3172,-0.2186
1.3666666746139526,41,0.282,13.5,0.525,12.478,0.1104,0.5504,-0.2096,0.4377,0.0014,0.6285,-0.0784,0.1605,-0.2685,-0.2469
1.399999976158142,42,0.3045,13.4685,0.521,12.47,0.1264,0.5432,-0.2104,0.3578,-0.2453,0.5183,-0.2213,0.1761,-0.3094,-0.2651
1.4333332777023315,43,0.3255,13.488,0.533,12.465,0.1168,0.5528,-0.2016,0.2932,-0.171,0.5345,-0.2044,0.1307,-0.3113,-0.2719
1.4666666984558105,44,0.3075,13.4895,0.5,12.461,0.1104,0.5656,-0.1936,0.1222,0.0441,0.3308,-0.1147,0.0987,-0.2758,-0.2117
1.5,45,0.3105,13.437,0.531,12.48,0.12,0.5528,-0.24,0.262,-0.2089,0.4622,-0.2255,0.139,-0.3355,-0.2553
1.5333333015441895,46,0.3195,13.4865,0.493,12.494,0.1264,0.5672,-0.2072,0.2362,-0.1247,0.4482,-0.1964,0.1348,-0.2965,-0.2415
1.5666667222976685,47,0.2925,13.524,0.513,12.488,0.112,0.5576,-0.1968,0.2764,0.0217,0.4948,-0.0362,0.1504,-0.3049,-0.2121
1.600000023841858,48,0.3,13.485,0.517,12.494,0.1224,0.54,-0.2048,0.3897,0.0025,0.5862,-0.0859,0.1586,-0.3066,-0.2771
1.6333333253860474,49,0.315,13.473,0.487,12.486,0.1136,0.5168,-0.2088,0.2869,-0.0019,0.5034,-0.1267,0.1324,-0.328,-0.2444
1.6666666269302368,50,0.2955,13.5345,0.516,12.491,0.116,0.5448,-0.1848,0.3123,-0.1037,0.5316,-0.1953,0.1561,-0.3212,-0.2724
1.7000000476837158,51,0.306,13.5195,0.535,12.472,0.0856,0.5328,-0.2208,0.3683,-0.0801,0.5261,-0.1036,0.1439,-0.2861,-0.2586
1.7333333492279053,52,0.3135,13.521,0.525,12.461,0.1032,0.532,-0.2112,0.2366,-0.1545,0.4319,-0.217,0.1444,-0.3256,-0.2505
1.7666666507720947,53,0.3075,13.4805,0.505,12.466,0.0984,0.5256,-0.2056,0.398,-0.0078,0.6091,-0.0761,0.1596,-0.3171,-0.2935
1.7999999523162842,54,0.339,13.4745,0.508,12.471,0.0976,0.5392,-0.196,0.3579,-0.2157,0.577,-0.218,0.1477,-0.3167,-0.2593
1.8333333730697632,55,0.2955,13.5195,0.519,12.494,0.1208,0.5224,-0.1912,0.2531,-0.0599,0.4851,-0.1638,0.1555,-0.3093,-0.2787
1.8666666746139526,56,0.267,13.512,0.505,12.479,0.1352,0.5512,-0.2408,0.4314,-0.0348,0.6571,-0.145,0.1422,-0.3189,-0.2734
1.899999976158142,57,0.3195,13.4955,0.528,12.468,0.12,0.5376,-0.2224,0.2693,0.0691,0.4914,-0.058,0.1117,-0.322,-0.2327
1.9333332777023315,58,0.3165,13.5165,0.481,12.474,0.12,0.512,-0.1904,0.3861,-0.0877,0.601,-0.179,0.1327,-0.3104,-0.2575
1.9666666984558105,59,0.3075,13.527,0.52,12.484,0.1136,0.5224,-0.2232,0.3802,-0.1333,0.5425,-0.1443,0.1406,-0.3232,-0.2579
2.0,60,0.309,13.497,0.526,12.505,0.1048,0.5472,-0.2056,0.3279,-0.1368,0.5462,-0.1731,0.1524,-0.3012,-0.2683
2.0333333015441895,61,0.3345,13.5165,0.529,12.472,0.1016,0.5312,-0.2088,0.3124,-0.0667,0.5128,-0.1531,0.1422,-0.3211,-0.2155
2.066666603088379,62,0.3075,13.494,0.517,12.469,0.1048,0.5424,-0.1928,0.2834,-0.1078,0.4729,-0.1262,0.1384,-0.3535,-0.2479
2.0999999046325684,63,0.327,13.5105,0.54,12.479,0.1088,0.5344,-0.2176,0.2823,-0.0567,0.4844,-0.1249,0.1468,-0.3117,-0.2317
2.133333444595337,64,0.327,13.482,0.525,12.479,0.0992,0.5624,-0.2008,0.3451,-0.0921,0.5545,-0.2301,0.1385,-0.306,-0.2567
2.1666667461395264,65,0.2925,13.5195,0.505,12.494,0.0912,0.5528,-0.2256,0.2616,-0.038,0.4988,-0.1416,0.16,-0.3198,-0.2316
2.200000047683716,66,0.3075,13.497,0.498,12.478,0.1144,0.5616,-0.192,0.201,-0.0672,0.4278,-0.1473,0.136,-0.342,-0.2195
2.2333333492279053,67,0.3105,13.4715,0.527,12.495,0.1216,0.5584,-0.2344,0.4249,-0.1131,0.6483,-0.1664,0.1571,-0.2953,-0.2607
2.2666666507720947,68,0.2865,13.5315,0.515,12.495,0.0976,0.5352,-0.1904,0.4324,-0.1127,0.6248,-0.1968,0.1613,-0.2907,-0.2748
2.299999952316284,69,0.315,13.521,0.532,12.501,0.1032,0.5856,-0.2288,0.2588,-0.0753,0.4334,-0.1317,0.128,-0.2973,-0.2395
2.3333332538604736,70,0.342,13.467,0.529,12.485,0.1248,0.5576,-0.22,0.3837,-0.1613,0.582,-0.197,0.1284,-0.2967,-0.2346
2.366666555404663,71,0.2985,13.488,0.517,12.496,0.1224,0.5584,-0.2016,0.3072,-0.1224,0.515,-0.1965,0.1509,-0.3128,-0.248
2.4000000953674316,72,0.294,13.5135,0.521,12.503,0.1224,0.5552,-0.2096,0.3788,-0.1171,0.5866,-0.1055,0.1495,-0.3018,-0.2521
2.433333396911621,73,0.315,13.524,0.517,12.499,0.1088,0.5376,-0.2056,0.2471,-0.3098,0.4428,-0.3205,0.1155,-0.307,-0.2574
2.4666666984558105,74,0.318,13.4775,0.529,12.494,0.1208,0.5616,-0.2056,0.2844,-0.0848,0.51,-0.1615,0.1483,-0.3064,-0.2423
2.5,75,0.2985,13.5165,0.53,12.489,0.1072,0.5592,-0.2344,0.4513,-0.0997,0.6516,-0.1484,0.1496,-0.3054,-0.2723
2.5333333015441895,76,0.291,13.5285,0.507,12.468,0.1032,0.568,-0.2152,0.3331,-0.161,0.536,-0.2856,0.1441,-0.3052,-0.2569
2.566666603088379,77,0.2955,13.5045,0.504,12.486,0.1168,0.564,-0.2216,0.2688,-0.1252,0.472,-0.1565,0.1253,-0.2999,-0.2603
2.5999999046325684,78,0.303,13.509,0.508,12.464,0.1136,0.5744,-0.2112,0.3652,-0.0228,0.5581,-0.0956,0.1561,-0.3033,-0.251
2.633333444595337,79,0.324,13.503,0.486,12.458,0.1008,0.5456,-0.2152,0.4104,-0.096,0.6071,-0.1979,0.1427,-0.3294,-0.2768
2.6666667461395264,80,0.315,13.5045,0.518,12.449,0.1064,0.5512,-0.2184,0.271,-0.1171,0.4778,-0.169,0.1288,-0.3027,-0.2268
2.700000047683716,81,0.3075,13.5075,0.502,12.461,0.1064,0.5248,-0.248,0.1645,-0.0154,0.4019,-0.0947,0.1258,-0.3027,-0.2303
2.7333333492279053,82,0.2925,13.4955,0.481,12.474,0.088,0.5544,-0.184,0.2117,-0.0049,0.4098,-0.1019,0.1316,-0.3141,-0.2353
2.7666666507720947,83,0.3225,13.515,0.499,12.479,0.1152,0.5248,-0.2232,0.2891,-0.172,0.4689,-0.2257,0.1306,-0.313,-0.251
2.799999952316284,84,0.3015,13.485,0.517,12.461,0.112,0.54,-0.2136,0.2979,0.0079,0.4789,-0.0887,0.1491,-0.296,-0.2595
2.8333332538604736,85,0.2955,13.491,0.522,12.473,0.096,0.5304,-0.2112,0.1992,-0.1163,0.4194,-0.2075,0.1328,-0.3115,-0.2423
2.866666555404663,86,0.312,13.482,0.515,12.467,0.1008,0.544,-0.224,0.3669,0.0195,0.5838,-0.1433,0.1489,-0.2935,-0.2857
2.9000000953674316,87,0.291,13.4865,0.514,12.479,0.1376,0.5672,-0.2216,0.2142,-0.0903,0.3984,-0.1875,0.1228,-0.3214,-0.2488
2.933333396911621,88,0.3105,13.482,0.514,12.486,0.1016,0.5384,-0.1936,0.377,-0.0399,0.5957,-0.165,0.1524,-0.3044,-0.2639
2.9666666984558105,89,0.3075,13.506,0.515,12.486,0.0992,0.5416,-0.2048,0.3174,-0.0351,0.5114,-0.1719,0.1446,-0.3441,-0.2755
3.0,90,0.2925,13.485,0.488,12.491,0.1272,0.5592,-0.216,0.351,-0.0853,0.5719,-0.1869,0.1247,-0.3359,-0.2646
3.0333333015441895,91,0.312,13.4925,0.51,12.48,0.1208,0.5568,-0.232,0.2651,-0.079,0.4635,-0.2064,0.1341,-0.3384,-0.267
3.066666603088379,92,0.3135,13.5075,0.524,12.479,0.1088,0.5344,-0.204,0.3151,-0.0154,0.4972,-0.1248,0.1353,-0.3045,-0.254
3.0999999046325684,93,0.3015,13.497,0.506,12.493,0.1096,0.5648,-0.2112,0.2855,-0.0964,0.5176,-0.1787,0.1403,-0.3023,-0.259
3.133333444595337,94,0.3075,13.5,0.533,12.473,0.1024,0.5448,-0.2112,0.1856,-0.1863,0.4043,-0.1909,0.1258,-0.3108,-0.2447
3.1666667461395264,95,0.324,13.5105,0.523,12.49,0.1168,0.5744,-0.2072,0.342,-0.08,0.5627,-0.0911,0.1422,-0.3235,-0.2754
3.200000047683716,96,0.291,13.4985,0.518,12.491,0.1088,0.5456,-0.2112,0.2017,-0.112,0.4519,-0.1989,0.1259,-0.3075,-0.2439
3.2333333492279053,97,0.327,13.485,0.52,12.515,0.1144,0.56,-0.2152,0.3334,-0.0471,0.552,-0.1288,0.1494,-0.3022,-0.2607
3.2666666507720947,98,0.3225,13.5165,0.56,12.475,0.1192,0.5424,-0.2224,0.4263,-0.1263,0.6109,-0.1093,0.1647,-0.2806,-0.2695
3.299999952316284,99,0.3105,13.4895,0.507,12.498,0.1224,0.5512,-0.2056,0.3466,-0.0471,0.5392,-0.2006,0.1463,-0.3138,-0.255
3.3333332538604736,100,0.315,13.542,0.528,12.496,0.1048,0.5752,-0.2048,0.2842,-0.0631,0.522,-0.1304,0.1494,-0.2892,-0.2256
3.366666555404663,101,0.321,13.506,0.522,12.48,0.12,0.5352,-0.2192,0.3178,0.0387,0.5436,-0.0836,0.13,-0.294,-0.2381
3.4000000953674316,102,0.3045,13.482,0.52,12.48,0.1392,0.5504,-0.2088,0.2354,-0.0615,0.4678,-0.1528,0.14,-0.2945,-0.2347
3.433333396911621,103,0.321,13.524,0.54,12.485,0.1152,0.5496,-0.2216,0.3033,-0.0522,0.5155,-0.1491,0.1228,-0.2574,-0.2319
3.4666666984558105,104,0.3105,13.5255,0.535,12.499,0.124,0.576,-0.2208,0.4539,-0.0131,0.6672,-0.1526,0.1399,-0.3071,-0.2857
3.5,105,0.309,13.5165,0.512,12.497,0.1232,0.5448,-0.2096,0.2173,-0.0923,0.4479,-0.0962,0.1503,-0.2901,-0.2323
3.5333333015441895,106,0.3015,13.518,0.515,12.477,0.116,0.5528,-0.2288,0.3154,-0.1615,0.5587,-0.2312,0.1486,-0.3083,-0.2608
3.566666603088379,107,0.2865,13.548,0.541,12.494,0.1112,0.5528,-0.1968,0.2631,-0.0252,0.5215,-0.1518,0.1302,-0.2985,-0.2554
3.5999999046325684,108,0.297,13.5615,0.505,12.485,0.1144,0.5576,-0.2096,0.3164,0.0056,0.5403,-0.1283,0.1417,-0.2946,-0.2505
3.633333444595337,109,0.2775,13.572,0.503,12.506,0.1048,0.5512,-0.2104,0.3034,-0.0336,0.543,-0.1392,0.1412,-0.2805,-0.2634
3.6666667461395264,110,0.3015,13.554,0.55,12.517,0.112,0.5512,-0.2048,0.2101,-0.0241,0.4643,-0.2005,0.1515,-0.2766,-0.2484
3.700000047683716,111,0.3045,13.566,0.51,12.488,0.1096,0.5376,-0.2384,0.3087,-0.1126,0.5554,-0.2079,0.1511,-0.3344,-0.2887
3.7333333492279053,112,0.2955,13.569,0.538,12.504,0.1208,0.5424,-0.2352,0.3138,0.0911,0.5238,-0.0849,0.1393,-0.2836,-0.2666
3.7666666507720947,113,0.2805,13.575,0.508,12.502,0.1224,0.5632,-0.2088,0.3828,0.0376,0.5966,-0.0898,0.137,-0.3058,-0.2954
3.799999952316284,114,0.2925,13.5825,0.512,12.512,0.124,0.5584,-0.2232,0.2895,0.1371,0.5325,-0.028,0.112,-0.3006,-0.2892
3.8333332538604736,115,0.2805,13.587,0.48,12.535,0.1272,0.5672,-0.2376,0.3304,0.1092,0.5276,-0.056,0.146,-0.3379,-0.2921
3.866666555404663,116,0.3285,13.578,0.495,12.621,0.1168,0.5584,-0.2472,0.2447,-0.2751,0.4273,-0.2237,0.1206,-0.309,-0.2677
3.9000000953674316,117,0.306,13.5255,0.492,12.572,0.1136,0.5584,-0.2384,0.2409,0.0782,0.4772,-0.0244,0.1274,-0.3165,-0.2578
3.933333396911621,118,0.303,13.5525,0.496,12.622,0.1168,0.552,-0.2128,0.2783,-0.0332,0.4769,-0.0962,0.1424,-0.3133,-0.2602
3.9666666984558105,119,0.2685,13.5855,0.505,12.599,0.1096,0.5376,-0.216,0.2835,0.1019,0.5047,0.0536,0.1515,-0.3295,-0.2516
4.0,120,0.2985,13.5405,0.525,12.6,0.1208,0.5528,-0.2208,0.2284,-0.0999,0.4167,-0.1368,0.1524,-0.3325,-0.2635
4.0333333015441895,121,0.303,13.5555,0.504,12.569,0.1216,0.5472,-0.2232,0.2378,0.0562,0.457,0.01,0.1401,-0.3052,-0.2801
4.066666603088379,122,0.2655,13.599,0.478,12.624,0.1048,0.576,-0.224,0.1202,-0.0523,0.3684,-0.0731,0.1303,-0.297,-0.2361
4.099999904632568,123,0.2415,13.635,0.436,12.616,0.1176,0.6248,-0.1136,0.1021,-0.0452,0.2883,-0.1159,0.1483,-0.2377,-0.142
4.133333206176758,124,0.222,13.6575,0.372,12.643,0.1264,0.7256,0.008,0.2492,-0.0079,0.3985,-0.0277,0.1288,-0.1664,-0.0479
4.166666507720947,125,0.2475,13.689,0.35,12.667,0.0832,0.7528,0.0864,0.2802,0.2058,0.4003,0.1463,0.1636,-0.132,0.0609
4.199999809265137,126,0.2535,13.6425,0.321,12.689,0.116,0.7544,0.0656,0.3286,0.0572,0.3931,0.0503,0.1641,-0.0544,0.0217
4.233333110809326,127,0.2265,13.644,0.322,12.671,0.1176,0.7624,0.0576,0.355,0.0346,0.3986,0.0175,0.1414,-0.095,0.007
4.266666889190674,128,0.2835,13.647,0.308,12.706,0.1088,0.7776,0.0256,0.2384,0.0612,0.2767,0.0305,0.149,-0.1202,-0.0036
4.300000190734863,129,0.294,13.6545,0.299,12.664,0.1304,0.7616,0.032,0.2411,0.1552,0.2859,0.1046,0.1424,-0.0715,-0.0148
4.333333492279053,130,0.234,13.6725,0.294,12.661,0.12,0.7688,0.016,0.2468,0.0567,0.3052,-0.0135,0.1549,-0.1141,-0.0394
4.366666793823242,131,0.252,13.644,0.303,12.67,0.1304,0.756,0.0208,0.2242,0.1551,0.2557,0.0481,0.1475,-0.119,-0.037
4.400000095367432,132,0.2535,13.647,0.32,12.657,0.1464,0.7648,-0.0088,0.3469,0.0559,0.408,0.0019,0.1657,-0.1369,-0.0824
4.433333396911621,133,0.2475,13.6245,0.323,12.64,0.1096,0.7552,-0.0224,0.3111,0.0968,0.3766,0.0093,0.1863,-0.1074,-0.0726
4.4666666984558105,134,0.2895,13.6545,0.341,12.636,0.1192,0.728,0.0192,0.3351,0.0739,0.4039,-0.0517,0.1829,-0.1627,-0.0353
4.5,135,0.342,13.6575,0.414,12.627,0.1192,0.7224,0.0232,0.4125,-0.057,0.4413,-0.0913,0.1658,-0.127,-0.0317
4.5333333015441895,136,0.417,13.761,0.537,12.615,0.136,0.7136,0.024,0.4632,0.0825,0.5937,-0.0896,0.1871,-0.1404,-0.0369
4.566666603088379,137,0.3285,13.6845,0.52,12.574,0.12,0.7296,0.0272,0.5245,0.0777,0.711,-0.1144,0.1585,-0.1102,-0.0662
4.599999904632568,138,0.438,13.659,0.603,12.384,0.1392,0.692,0.0216,0.2783,0.3586,0.5011,-0.098,0.1626,-0.1449,-0.0022
4.633333206176758,139,0.483,13.6905,0.547,12.322,0.1512,0.6824,0.0336,0.7502,0.3533,0.7848,-0.1744,0.1954,-0.1331,-0.0606
4.666666507720947,140,0.492,13.6995,0.561,12.2,0.136,0.7096,0.028,0.528,0.1434,0.6301,-0.4091,0.1802,-0.1306,-0.0062
4.699999809265137,141,0.471,13.62,0.596,11.966,0.1936,0.6944,0.012,0.3928,0.0739,0.4501,-0.6063,0.2128,-0.1458,-0.0083
4.733333110809326,142,0.3375,13.59,0.391,11.762,0.2776,0.704,0.0304,0.5556,0.0803,0.6229,-0.7735,0.3309,-0.1306,-0.0557
4.766666889190674,143,0.216,13.713,0.114,11.72,0.344,0.7224,0.0104,0.2953,0.4381,0.2331,-0.6937,0.3781,-0.1192,-0.047
4.800000190734863,144,0.162,13.6635,0.054,11.674,0.3344,0.7136,-0.024,0.2658,0.2707,0.1657,-0.6745,0.3501,-0.1023,-0.0857
4.833333492279053,145,0.081,13.737,0.075,11.717,0.2736,0.7192,-0.0264,-0.1691,0.2469,-0.1604,-0.8403,0.3102,-0.127,-0.0522
4.866666793823242,146,0.03,13.7865,0.126,11.861,0.2504,0.7568,-0.016,-0.3329,0.2859,-0.1978,-0.7491,0.2713,-0.1208,-0.0045
4.900000095367432,147,0.0405,13.899,0.106,11.812,0.2296,0.7576,-0.0208,-0.0911,0.3609,-0.0154,-0.7078,0.2749,-0.0466,-0.0032
4.933333396911621,148,0.039,13.7025,0.092,11.836,0.2352,0.8336,-0.004,0.0007,0.2925,0.0995,-0.8204,0.2557,-0.0176,-0.0411
4.9666666984558105,149,0.018,14.142,0.055,11.903,0.2064,0.8288,0.024,0.0423,0.272,0.1183,-0.8839,0.2558,-0.0304,-0.0454
5.0,150,0.0045,14.124,0.05,11.86,0.1864,0.8512,0.0312,-0.0494,0.3607,0.0372,-0.7762,0.232,0.0238,-0.0427
5.0333333015441895,151,0.027,13.749,0.037,11.721,0.2104,0.8208,0.008,0.1206,0.1405,0.1518,-0.9753,0.2627,0.0056,-0.0603
5.066666603088379,152,-0.0105,13.743,0.005,11.835,0.1856,0.8576,0.0032,0.0329,0.294,0.0758,-0.8728,0.2473,-0.0141,-0.0358
5.099999904632568,153,-0.0225,13.983,0.011,11.783,0.2016,0.8024,-0.0168,-0.0751,0.3638,-0.0948,-0.6768,0.2506,-0.011,-0.0541
5.133333206176758,154,-0.0345,13.5855,0.002,11.757,0.2184,0.8288,-0.0072,0.0585,0.0746,0.1125,-0.8782,0.2531,-0.0257,-0.0824
5.166666507720947,155,0.009,13.6245,0.042,11.684,0.2432,0.816,-0.0192,0.1423,0.4857,0.168,-0.6942,0.2933,0.0103,-0.0758
5.199999809265137,156,0.048,13.6065,0.09,11.74,0.268,0.8312,-0.0328,-0.0178,0.5963,0.0407,-0.7456,0.2758,-0.0013,-0.0784
5.233333110809326,157,0.0705,13.5555,0.127,11.702,0.2696,0.8352,-0.0312,-0.0977,0.3287,0.0167,-0.8526,0.3018,-0.0101,-0.0713
5.266666889190674,158,-0.078,13.7025,0.162,11.761,0.2664,0.8608,-0.0656,-0.1491,0.0976,0.0074,-0.9882,0.3061,-0.0094,-0.0897
5.300000190734863,159,-0.012,13.686,0.207,11.933,0.2768,0.8832,-0.0496,-0.2298,0.633,0.0062,-0.6269,0.2925,0.0224,-0.0686
5.333333492279053,160,-0.0525,13.6815,0.165,11.755,0.248,0.8664,-0.0424,-0.2094,0.7228,-0.0129,-0.6428,0.2818,0.0461,-0.0789
5.366666793823242,161,-0.027,13.617,0.166,11.827,0.2584,0.8792,-0.0576,-0.1563,0.2791,0.0783,-0.8151,0.2778,0.0187,-0.1086
5.400000095367432,162,0.024,13.5225,0.195,11.89,0.26,0.9112,-0.0472,0.0636,0.2164,0.2429,-0.6645,0.2753,0.1076,-0.1035
5.433333396911621,163,0.0555,13.4865,0.227,11.889,0.2328,0.9216,-0.0424,0.0582,0.7144,0.2427,-0.6442,0.2877,0.0918,-0.1019
5.4666666984558105,164,0.0645,13.5615,0.229,11.889,0.2456,0.9544,-0.096,0.0571,0.269,0.2243,-0.8014,0.2645,0.0917,-0.0963
5.5,165,0.051,13.566,0.214,11.867,0.2264,0.884,-0.0776,0.0847,0.604,0.2287,-0.7165,0.2572,0.0861,-0.1024
5.5333333015441895,166,0.0825,13.47,0.248,11.844,0.2328,0.9072,-0.0688,0.1719,0.3292,0.2706,-0.8073,0.2673,0.0271,-0.1362
5.566666603088379,167,0.099,13.356,0.254,11.72,0.2384,0.8552,-0.0808,0.1129,0.771,0.2687,-0.596,0.2794,0.0585,-0.1143
5.599999904632568,168,0.108,13.458,0.238,11.916,0.248,0.836,-0.0872,0.1626,0.6065,0.2702,-0.8128,0.268,-0.0323,-0.1092
5.633333206176758,169,0.114,13.1745,0.262,11.741,0.2224,0.8408,-0.08,0.1156,0.8644,0.2492,-0.4483,0.2904,0.0601,-0.1226
5.666666507720947,170,0.114,13.1055,0.25,11.77,0.2416,0.8728,-0.0816,0.1833,0.6035,0.3097,-0.6069,0.2674,0.0178,-0.1228
5.699999809265137,171,0.141,13.185,0.263,11.581,0.2344,0.772,-0.088,0.116,0.1552,0.2311,-1.171,0.2824,-0.1344,-0.0991
5.733333110809326,172,0.156,13.0155,0.297,11.615,0.2408,0.7688,-0.1032,0.11,0.6999,0.2185,-0.954,0.263,-0.1246,-0.1108
5.766666889190674,173,0.153,13.095,0.267,11.596,0.2352,0.8,-0.0968,0.1801,0.8327,0.2734,-0.6572,0.2478,-0.059,-0.1156
5.800000190734863,174,0.1935,12.858,0.291,11.446,0.2104,0.7776,-0.0712,0.1739,0.5781,0.3098,-0.9235,0.2688,-0.0945,-0.1686
5.833333492279053,175,0.1545,12.837,0.29,11.627,0.2096,0.7552,-0.0736,0.1502,0.3188,0.2528,-0.9167,0.267,-0.1282,-0.1228
5.866666793823242,176,0.1725,12.9645,0.271,11.751,0.2192,0.8608,-0.0848,0.221,0.669,0.3195,-0.6067,0.2492,-0.0174,-0.144
5.900000095367432,177,0.1875,12.963,0.279,11.749,0.2288,0.8376,-0.1,0.2064,0.6191,0.2587,-0.676,0.2275,-0.0328,-0.1228
5.933333396911621,178,0.1695,13.035,0.254,11.764,0.2024,0.8656,-0.0864,0.2556,0.7208,0.3375,-0.5443,0.2402,-0.0478,-0.1513
5.9666666984558105,179,0.153,12.7335,0.288,11.681,0.2088,0.8272,-0.0696,0.2318,-0.3621,0.3505,-1.2468,0.2542,-0.1503,-0.1511
6.0,180,0.171,13.0545,0.279,11.915,0.1912,0.9096,-0.1112,0.1229,0.2293,0.2242,-0.953,0.2416,-0.0505,-0.1533
6.0333333015441895,181,0.186,13.0275,0.308,11.89,0.2,0.9304,-0.104,0.1619,0.8224,0.2585,-0.5196,0.2252,-0.0028,-0.1463
6.066666603088379,182,0.18,13.0005,0.293,11.904,0.2168,0.9528,-0.1384,0.1043,0.591,0.2091,-0.6917,0.2419,-0.024,-0.1317
6.099999904632568,183,0.159,12.945,0.313,11.802,0.1888,0.8888,-0.1112,0.0601,0.5735,0.1621,-0.5471,0.2131,0.0072,-0.0973
6.133333206176758,184,0.1815,12.891,0.304,11.794,0.2048,0.9328,-0.1056,0.2119,0.7471,0.3213,-0.3824,0.2699,0.0318,-0.138
6.166666507720947,185,0.159,12.8535,0.291,11.777,0.244,0.8376,-0.1152,0.0955,0.3752,0.2328,-0.885,0.2606,-0.1529,-0.1415
6.199999809265137,186,0.1605,12.5265,0.301,11.773,0.2272,0.9696,-0.0968,0.1955,-0.0536,0.2971,-0.6495,0.2668,-0.0145,-0.1652
6.233333110809326,187,0.1515,12.702,0.306,11.82,0.2664,0.8568,-0.1048,0.1963,0.5391,0.3479,-0.7988,0.3006,-0.0868,-0.1423
6.266666889190674,188,0.174,12.5295,0.319,11.491,0.284,0.944,-0.1008,0.1832,0.4082,0.3327,-0.7479,0.3118,0.0327,-0.1371
6.300000190734863,189,0.219,12.5205,0.367,11.724,0.264,0.9936,-0.1256,0.2046,0.1608,0.3401,-1.1124,0.3052,-0.0536,-0.1152
6.333333492279053,190,0.1875,12.582,0.342,11.661,0.2888,1.0104,-0.1024,0.2525,0.3253,0.3741,-0.8713,0.31,-0.0168,-0.1618
6.366666793823242,191,0.2385,12.2805,0.366,11.668,0.2744,0.944,-0.1128,0.2371,0.8391,0.4367,-1.0057,0.3406,-0.1145,-0.144
6.400000095367432,192,0.174,12.585,0.349,11.533,0.2792,0.908,-0.1304,0.2714,0.3984,0.4117,-0.9682,0.3212,-0.1271,-0.1599
6.433333396911621,193,0.2115,12.3555,0.338,11.692,0.2712,1.0424,-0.1016,0.3315,0.6402,0.434,-0.522,0.334,0.0411,-0.1629
6.4666666984558105,194,0.1965,12.3495,0.367,11.576,0.2848,1.02,-0.1096,0.0879,0.8332,0.2278,-0.5537,0.3233,0.0103,-0.1091
6.5,195,0.207,12.345,0.358,11.822,0.2752,1.0192,-0.104,0.1983,0.5747,0.3209,-0.626,0.3061,-0.0547,-0.1372
6.5333333015441895,196,0.234,12.315,0.362,11.624,0.2816,1.0312,-0.1096,0.0476,1.0056,0.2372,-0.5435,0.3296,0.0435,-0.1155
6.566666603088379,197,0.198,12.033,0.381,11.585,0.3032,0.9648,-0.1144,0.2712,0.4411,0.4118,-1.047,0.3486,-0.1362,-0.1536
6.599999904632568,198,0.1995,12.1815,0.351,11.758,0.308,1.1032,-0.1272,0.1905,0.6536,0.386,-0.6797,0.3521,0.0169,-0.1739
6.633333206176758,199,0.246,12.033,0.355,11.654,0.3272,0.9696,-0.1296,0.2632,0.3756,0.4012,-0.8651,0.3488,-0.074,-0.1635
6.666666507720947,200,0.204,12.066,0.356,11.637,0.3224,1.0824,-0.136,0.2935,0.3589,0.4347,-0.6551,0.3634,0.0084,-0.1447
6.699999809265137,201,0.189,11.679,0.338,11.456,0.32,1.0024,-0.1504,0.259,0.3983,0.3702,-0.5613,0.3627,-0.0379,-0.1711
6.733333110809326,202,0.2175,11.928,0.349,11.658,0.3176,1.0656,-0.1264,0.2057,0.4249,0.3048,-0.4521,0.3326,0.0447,-0.1491
6.766666889190674,203,0.1965,11.862,0.37,11.712,0.3248,1.0928,-0.1272,0.3022,0.154,0.4126,-0.8406,0.3475,-0.0669,-0.1858
6.800000190734863,204,0.222,11.805,0.355,11.624,0.3232,1.0096,-0.136,0.2809,0.1624,0.3959,-0.7548,0.3635,-0.0893,-0.1589
6.833333492279053,205,0.198,11.7135,0.345,11.421,0.3312,1.0616,-0.152,0.2723,0.0347,0.3772,-0.9064,0.3623,-0.0361,-0.152
6.866666793823242,206,0.222,11.6055,0.363,11.388,0.3416,1.0864,-0.1208,0.3061,0.1016,0.3811,-0.7364,0.3781,-0.0162,-0.1603
6.900000095367432,207,0.3645,11.661,0.401,11.484,0.34,1.0848,-0.1576,0.2421,-0.192,0.2362,-0.9691,0.352,-0.0436,-0.1418
6.933333396911621,208,0.222,11.577,0.262,11.468,0.336,1.0864,-0.136,0.2974,-0.1264,0.2596,-0.8821,0.3525,-0.0498,-0.1707
6.9666666984558105,209,0.3615,11.559,0.371,11.41,0.3312,1.028,-0.1688,0.2888,-0.0527,0.2724,-0.8822,0.3825,-0.0818,-0.1289
7.0,210,0.3135,11.5305,0.404,11.427,0.3544,1.104,-0.1744,0.2685,0.1865,0.3503,-0.6331,0.3348,0.0204,-0.1539
7.0333333015441895,211,0.3105,11.478,0.355,11.214,0.34,1.0352,-0.1648,0.1912,0.0834,0.2271,-0.8842,0.3681,-0.0823,-0.1383
7.066666603088379,212,0.3345,11.3595,0.396,11.115,0.3016,1.0328,-0.1584,0.2572,0.0367,0.3142,-0.8691,0.3407,-0.0791,-0.1437
7.099999904632568,213,0.306,11.406,0.423,11.336,0.3112,1.1288,-0.1336,0.3573,0.1239,0.4314,-0.5357,0.3511,0.0465,-0.1754
7.133333206176758,214,0.27,11.4195,0.389,11.336,0.296,1.0808,-0.1784,0.238,-0.4274,0.322,-1.3209,0.3387,-0.1634,-0.1524
7.166666507720947,215,0.393,11.3805,0.525,11.123,0.3096,1.1344,-0.1456,0.511,-0.0272,0.6055,-1.0724,0.3063,-0.048,-0.1499
7.199999809265137,216,0.3255,11.295,0.564,10.994,0.2704,1.1336,-0.1712,0.2611,-0.0196,0.4309,-0.8813,0.3395,0.011,-0.1727
7.233333110809326,217,0.306,11.1945,0.594,11.048,0.2792,1.0856,-0.1632,0.3851,-0.1121,0.6166,-1.0785,0.3112,-0.1037,-0.1809
7.266666889190674,218,0.3405,11.31,0.669,11.308,0.2408,1.1336,-0.1472,0.455,0.1167,0.7443,-0.4967,0.2845,0.0106,-0.1744
7.300000190734863,219,0.4815,11.196,0.771,11.153,0.2336,1.1528,-0.1656,0.4218,-0.1161,0.6949,-0.8427,0.2777,-0.0246,-0.1648
7.333333492279053,220,0.5445,11.202,0.766,11.128,0.22,1.1352,-0.1528,0.6077,-0.0728,0.8576,-0.7869,0.2575,-0.0416,-0.1996
7.366666793823242,221,0.5175,11.0745,0.732,10.872,0.224,1.0064,-0.1384,0.7135,-0.2556,0.8336,-1.0738,0.2578,-0.1811,-0.1965
7.400000095367432,222,0.528,11.064,0.715,11.035,0.2168,1.1672,-0.168,0.6659,-0.2855,0.7559,-1.1083,0.2489,-0.0867,-0.1898
7.433333396911621,223,0.609,11.0835,0.801,11.168,0.228,1.1496,-0.164,0.6748,-0.1218,0.8191,-0.6217,0.257,-0.0521,-0.195
7.4666666984558105,224,0.582,11.007,0.742,11.084,0.208,1.1128,-0.176,0.4906,-0.4409,0.661,-1.2769,0.2558,-0.2055,-0.1557
7.5,225,0.5385,10.9185,0.713,10.975,0.1872,1.1616,-0.1184,0.5053,-0.231,0.6844,-0.8575,0.2184,-0.0443,-0.1393
7.5333333015441895,226,0.558,10.761,0.742,10.984,0.184,1.1992,-0.1744,0.6052,-0.3324,0.7788,-0.7917,0.2303,0.0015,-0.2028
7.566666603088379,227,0.4695,10.746,0.659,10.923,0.2104,1.1808,-0.18,0.5563,-0.5131,0.6923,-1.0399,0.2425,-0.0419,-0.1998
7.599999904632568,228,0.5685,10.7265,0.754,10.957,0.1896,1.0824,-0.1008,0.5185,-0.4913,0.6967,-0.9809,0.205,-0.1715,-0.1052
7.633333206176758,229,0.5445,10.623,0.74,10.881,0.1968,1.204,-0.1832,0.5625,-0.5684,0.7252,-1.1254,0.2214,-0.0622,-0.177
7.666666507720947,230,0.519,10.4055,0.675,10.671,0.1936,1.1648,-0.1984,0.573,-0.9534,0.7461,-1.4176,0.2251,-0.1564,-0.2161
7.699999809265137,231,0.363,10.332,0.614,10.709,0.1872,1.192,-0.1832,0.5008,-0.7916,0.6477,-1.3671,0.2193,-0.1491,-0.216
7.733333110809326,232,0.495,10.269,0.676,10.787,0.1784,1.216,-0.1984,0.5258,-0.4282,0.6976,-0.6314,0.232,0.0424,-0.2175
7.766666889190674,233,0.4785,10.089,0.67,10.739,0.1856,1.252,-0.1952,0.4952,-0.6973,0.6894,-0.7515,0.2314,0.0076,-0.2089
7.800000190734863,234,0.4575,10.0185,0.668,10.726,0.2104,1.1984,-0.1928,0.515,-0.703,0.7011,-0.6449,0.2269,-0.0042,-0.1477
7.833333492279053,235,0.528,9.8985,0.731,10.512,0.1712,1.212,-0.1816,0.493,-0.8853,0.6491,-0.7841,0.2135,-0.0163,-0.1953
7.866666793823242,236,0.45,9.882,0.633,10.586,0.1704,1.164,-0.2312,0.4089,-0.7637,0.5811,-0.7731,0.1876,-0.0634,-0.2139
7.900000095367432,237,0.459,9.744,0.632,10.559,0.1944,1.2424,-0.2,0.4543,-1.1642,0.6309,-1.2685,0.2063,-0.1001,-0.1956
7.933333396911621,238,0.516,9.882,0.683,10.588,0.1672,1.2096,-0.124,0.5136,-0.8273,0.6947,-0.951,0.2268,-0.0904,-0.1136
7.9666666984558105,239,0.4695,9.864,0.678,10.613,0.176,1.2312,-0.2104,0.5583,-0.7216,0.7172,-0.9464,0.225,-0.0465,-0.2197
8.0,240,0.45,9.75,0.617,10.482,0.1656,1.2224,-0.2024,0.3612,-0.926,0.5134,-0.9089,0.1955,0.0049,-0.1372
8.033333778381348,241,0.5205,9.738,0.672,10.35,0.1552,1.18,-0.2056,0.5817,-1.0359,0.7322,-0.8581,0.1936,-0.049,-0.2296
8.066666603088379,242,0.498,9.7425,0.656,10.386,0.1784,1.2408,-0.2136,0.5389,-1.094,0.6893,-0.9563,0.2058,-0.045,-0.215
8.100000381469727,243,0.525,9.6675,0.657,10.437,0.1624,1.2584,-0.1912,0.5948,-1.1378,0.7183,-1.0104,0.1897,-0.0473,-0.2209
8.133333206176758,244,0.5985,9.75,0.704,10.246,0.136,1.2312,-0.2736,0.5692,-0.7808,0.671,-0.8419,0.1646,-0.0311,-0.2815
8.166666984558105,245,0.6555,9.489,0.802,10.294,0.1728,1.2464,-0.2784,0.6436,-1.2461,0.7513,-1.2837,0.1805,-0.0934,-0.2909
8.199999809265137,246,0.5775,9.702,0.767,10.156,0.1288,1.3144,-0.2984,0.6661,-0.9757,0.8427,-0.9467,0.1832,0.0174,-0.3023
8.233333587646484,247,0.654,9.888,0.83,10.254,0.1216,1.2712,-0.3072,0.574,-0.6952,0.7572,-0.6064,0.1821,0.0915,-0.2793
8.266666412353516,248,0.6675,9.5355,0.875,10.232,0.14,1.2656,-0.2936,0.7905,-1.1843,0.9681,-0.6474,0.159,0.0538,-0.298
8.300000190734863,249,0.6975,10.0095,0.873,10.209,0.1192,1.2912,-0.2792,0.572,-0.3219,0.8089,-0.6638,0.1606,0.0592,-0.2759
8.333333015441895,250,0.708,9.702,0.858,10.15,0.1208,1.1984,-0.2928,0.7761,-1.781,0.9083,-1.1086,0.1428,-0.1195,-0.304
8.366666793823242,251,0.7305,9.678,0.891,9.988,0.1144,1.2208,-0.3024,0.6353,-0.9585,0.8048,-0.7131,0.1527,-0.0051,-0.276
8.399999618530273,252,0.75,10.0545,0.927,10.063,0.0696,1.2624,-0.2912,0.7875,-1.4455,0.9441,-0.9517,0.1419,-0.0641,-0.297
8.433333396911621,253,0.795,9.8385,0.988,10.029,0.0344,1.2408,-0.324,0.8461,-1.7831,0.9731,-0.9662,0.0781,-0.0509,-0.3052
8.466666221618652,254,0.8595,10.182,0.982,10.037,0.0088,1.2672,-0.3344,0.7579,-1.0011,0.9229,-0.6925,0.0799,0.0038,-0.3058
8.5,255,0.786,9.8535,0.929,9.925,-0.0184,1.24,-0.3432,0.8034,-1.9717,0.9166,-0.9264,0.0322,-0.0796,-0.3174
8.533333778381348,256,0.7935,10.4655,0.926,9.989,-0.0136,1.2896,-0.332,0.8691,-1.085,1.0127,-0.7248,-0.0037,0.0037,-0.3508
8.566666603088379,257,0.7545,10.467,0.902,10.044,-0.0616,1.2848,-0.3048,0.7058,-1.5955,0.8693,-0.765,0.0007,-0.0454,-0.2935
8.600000381469727,258,0.78,10.6635,0.95,10.089,-0.0672,1.2712,-0.3128,0.8619,-1.253,0.9961,-0.4444,-0.0271,0.0213,-0.329
8.633333206176758,259,0.792,10.5435,0.975,10.131,-0.0904,1.2576,-0.3208,0.7588,-1.8406,0.9154,-0.7118,-0.0254,-0.0539,-0.3216
8.666666984558105,260,0.8445,10.9905,1.0,10.152,-0.1096,1.3168,-0.368,0.7228,-1.1261,0.8596,-0.2466,-0.0698,0.0622,-0.319
8.699999809265137,261,0.7695,11.1255,0.919,10.295,-0.1224,1.32,-0.3376,0.7295,-1.0908,0.8193,-0.2752,-0.0766,0.0092,-0.3561
8.733333587646484,262,0.756,11.0985,0.87,10.15,-0.1408,1.2464,-0.3384,0.7514,-1.5201,0.8497,-0.4309,-0.0763,-0.1029,-0.3408
8.766666412353516,263,0.726,11.1315,0.858,10.038,-0.0952,1.2256,-0.3432,0.7369,-1.1554,0.8463,-0.3899,-0.0921,-0.0317,-0.3438
8.800000190734863,264,0.7005,11.079,0.829,9.979,-0.1096,1.3144,-0.324,0.7494,-0.5262,0.9055,-0.0459,-0.0917,0.0871,-0.3224
8.833333015441895,265,0.6765,11.484,0.804,10.157,-0.116,1.3192,-0.3352,0.7389,-1.2396,0.8085,-0.2911,-0.0608,-0.0399,-0.32
8.866666793823242,266,0.7365,11.343,0.857,10.115,-0.1168,1.3208,-0.336,0.8206,-1.5116,0.9589,-0.2611,-0.0862,-0.0069,-0.3463
8.899999618530273,267,0.69,11.2275,0.78,10.059,-0.104,1.2984,-0.3312,0.7549,-1.5968,0.8539,-0.2571,-0.0817,0.0157,-0.3423
8.933333396911621,268,0.7635,11.31,0.829,9.933,-0.108,1.2848,-0.3504,0.7554,-0.6449,0.8983,-0.1101,-0.0799,0.0811,-0.3455
8.966666221618652,269,0.717,11.007,0.808,9.872,-0.1104,1.2824,-0.3064,0.6712,-1.4063,0.7972,-0.1922,-0.0618,0.0569,-0.3331
9.0,270,0.738,11.187,0.84,9.768,-0.1024,1.2688,-0.328,0.8393,-1.5022,0.9372,-0.383,-0.0838,-0.0367,-0.3357
9.033333778381348,271,0.762,11.643,0.888,9.833,-0.116,1.2928,-0.328,0.7665,-0.6802,0.9048,-0.1297,-0.0652,0.0618,-0.3501
9.066666603088379,272,0.828,11.325,0.934,9.756,-0.0968,1.2712,-0.3376,0.5894,-1.3501,0.7275,-0.2924,-0.0426,-0.0147,-0.2923
9.100000381469727,273,0.789,11.5185,0.9,9.787,-0.0848,1.2912,-0.332,0.7327,-1.2254,0.8644,-0.1211,-0.0513,0.0091,-0.3189
9.133333206176758,274,0.8025,11.406,0.919,9.679,-0.1088,1.2328,-0.336,0.6189,-1.9788,0.7193,-0.4597,-0.0352,-0.063,-0.3281
9.166666984558105,275,0.768,11.3355,0.878,9.53,-0.0952,1.2288,-0.3144,0.7295,-2.0825,0.83,-0.5784,-0.0388,-0.125,-0.3294
9.199999809265137,276,0.729,11.9145,0.827,9.609,-0.0672,1.3048,-0.3312,0.7528,-0.7448,0.8816,-0.1409,-0.0398,0.0526,-0.3248
9.233333587646484,277,0.7095,12.306,0.81,9.615,-0.0872,1.3232,-0.3264,0.7374,-1.185,0.8589,-0.4188,-0.0519,-0.0025,-0.3415
9.266666412353516,278,0.732,11.874,0.841,9.524,-0.0544,1.2816,-0.3112,0.8508,-1.8295,0.9572,-0.4741,-0.0544,-0.0691,-0.3418
9.300000190734863,279,0.7095,11.832,0.866,9.518,-0.0864,1.248,-0.3072,0.7656,-1.7345,0.8778,-0.3515,-0.0199,0.006,-0.3389
9.333333015441895,280,0.768,11.8935,0.811,9.487,-0.0832,1.264,-0.2992,0.7566,-1.728,0.8367,-0.5021,-0.0338,-0.0374,-0.2927
9.366666793823242,281,0.6855,11.7195,0.766,9.384,-0.0704,1.304,-0.2976,0.7831,-1.8029,0.8394,-0.468,-0.0618,-0.0644,-0.3111
9.399999618530273,282,0.696,12.0465,0.773,9.399,-0.0568,1.264,-0.2512,0.7377,-1.8161,0.8093,-0.4478,-0.0062,-0.0355,-0.2801
9.433333396911621,283,0.7305,12.432,0.771,9.452,-0.0352,1.3184,-0.2304,0.6424,-0.8247,0.7809,-0.2353,0.007,0.0267,-0.2192
9.466666221618652,284,0.681,12.2085,0.79,9.337,-0.0088,1.3224,-0.2432,0.7309,-0.7532,0.8353,-0.0441,0.0024,0.1024,-0.2229
9.5,285,0.6945,12.081,0.744,9.318,-0.012,1.3008,-0.18,0.7745,-1.2596,0.8709,-0.2812,0.0318,0.0284,-0.2249
9.533333778381348,286,0.6765,12.189,0.784,9.27,0.0,1.284,-0.2144,0.7344,-1.1535,0.8519,-0.2403,0.0503,0.0307,-0.2386
9.566666603088379,287,0.72,12.2595,0.818,9.248,0.0048,1.3144,-0.2216,0.6664,-1.1248,0.7909,-0.228,0.0398,0.0632,-0.2254
9.600000381469727,288,0.744,12.291,0.792,9.275,0.0128,1.3008,-0.204,0.8019,-1.3825,0.8782,-0.3215,0.0316,0.0318,-0.2353
9.633333206176758,289,0.7755,12.42,0.826,9.351,-0.0064,1.2944,-0.2096,0.6455,-0.8319,0.8057,-0.0234,0.0397,0.1006,-0.234
9.666666984558105,290,0.783,12.537,0.886,9.333,-0.0104,1.3088,-0.2136,0.6212,-1.2181,0.7383,-0.0465,0.0384,0.0649,-0.1824
9.699999809265137,291,0.75,12.498,0.903,9.464,-0.0128,1.2864,-0.2056,0.7149,-1.6305,0.8742,-0.2786,0.0432,-0.0283,-0.1997
9.733333587646484,292,0.7425,12.774,0.864,9.675,-0.0232,1.2648,-0.1952,0.7664,-1.3554,0.9167,-0.0776,0.0416,-0.0827,-0.2103
9.766666412353516,293,0.7845,12.6375,0.915,9.616,-0.004,1.2168,-0.1928,0.8732,-1.408,0.9818,0.1911,0.0077,-0.0787,-0.2321
9.800000190734863,294,0.7155,12.7545,0.901,9.695,-0.0168,1.2616,-0.2128,0.7922,-1.4661,0.9188,0.0996,0.0504,-0.0751,-0.2154
9.833333015441895,295,0.738,12.918,0.861,9.67,-0.0344,1.2112,-0.224,0.6781,-1.0785,0.8211,0.2197,0.0283,-0.0997,-0.1885
9.866666793823242,296,0.702,12.9465,0.858,9.667,-0.0152,1.188,-0.2136,0.8623,-0.9182,1.0009,0.35,0.0016,-0.0813,-0.2285
9.899999618530273,297,0.705,12.7545,0.836,9.74,-0.0056,1.1688,-0.1904,0.8484,-1.5622,0.9407,0.0462,0.0283,-0.155,-0.2398
9.933333396911621,298,0.6435,12.912,0.808,9.674,0.0,1.1736,-0.2096,0.6313,-1.2467,0.7676,0.0227,0.0335,-0.1517,-0.2207
9.966666221618652,299,0.642,12.894,0.812,9.673,-0.0128,1.1968,-0.2384,0.6039,-1.4502,0.7666,0.0179,0.0389,-0.139,-0.2233
10.0,300,0.6375,12.6495,0.817,9.476,-0.0032,1.136,-0.2368,0.5732,-1.4129,0.7846,0.0129,0.0422,-0.1477,-0.2281
10.033333778381348,301,0.624,12.849,0.775,9.462,0.0064,1.1288,-0.22,0.619,-1.2163,0.8151,0.1616,0.0501,-0.1056,-0.2459
10.066666603088379,302,0.633,12.8715,0.781,9.403,0.0712,1.1352,-0.2128,0.4915,-0.7504,0.691,0.3694,0.1059,-0.0826,-0.2165
10.100000381469727,303,0.6495,12.75,0.791,9.4,0.108,1.1296,-0.2424,0.6285,-1.2731,0.8036,0.0629,0.16,-0.0933,-0.2337
10.133333206176758,304,0.651,12.972,0.758,9.341,0.132,1.132,-0.208,0.6566,-1.1644,0.8205,0.1497,0.1764,-0.1486,-0.2595
10.166666984558105,305,0.6795,12.915,0.785,9.492,0.1272,1.1072,-0.2448,0.602,-1.185,0.7569,0.1433,0.1634,-0.139,-0.245
10.199999809265137,306,0.705,12.897,0.791,9.418,0.148,1.1064,-0.2472,0.688,-1.4693,0.7427,0.0078,0.1827,-0.1619,-0.2571
10.233333587646484,307,0.711,13.2135,0.738,9.412,0.1248,1.1064,-0.24,0.7227,-0.9681,0.8204,0.143,0.1534,-0.1412,-0.2507
10.266666412353516,308,0.744,12.9405,0.783,9.427,0.1352,1.104,-0.228,0.689,-1.2817,0.7363,0.1112,0.1629,-0.1512,-0.26
10.300000190734863,309,0.72,13.371,0.816,9.492,0.128,1.1072,-0.2408,0.7539,-1.5168,0.8192,-0.0222,0.1605,-0.1859,-0.2495
10.333333015441895,310,0.699,13.3545,0.833,9.579,0.1128,1.1128,-0.2456,0.8161,-0.9549,0.9398,0.278,0.1529,-0.1391,-0.2818
10.366666793823242,311,0.714,13.467,0.814,9.615,0.12,1.1232,-0.2456,0.7888,-1.1062,0.8939,0.2331,0.1522,-0.1941,-0.2666
10.399999618530273,312,0.7065,13.278,0.766,9.579,0.1248,1.1408,-0.2384,0.7779,-1.3932,0.8746,0.1846,0.157,-0.1675,-0.2521
10.433333396911621,313,0.702,13.4805,0.779,9.566,0.1072,1.1088,-0.2608,0.7515,-0.9789,0.8747,0.4522,0.1407,-0.0943,-0.2517
10.466666221618652,314,0.66,13.3995,0.776,9.379,0.1104,1.1576,-0.2448,0.7101,-1.5231,0.8143,-0.0967,0.1517,-0.1864,-0.2352
10.5,315,0.651,13.362,0.763,9.447,0.1328,1.1104,-0.2288,0.6414,-1.376,0.7494,-0.0928,0.151,-0.1813,-0.2259
10.533333778381348,316,0.642,13.2465,0.786,9.466,0.1128,1.144,-0.2248,0.6343,-1.085,0.8155,0.2671,0.1351,-0.1205,-0.2512
10.566666603088379,317,0.7245,13.278,0.786,9.242,0.128,1.1128,-0.2376,0.7046,-1.091,0.7986,0.0508,0.1276,-0.1384,-0.2536
10.600000381469727,318,0.771,13.3335,0.799,9.517,0.0984,1.1496,-0.2392,0.6954,-1.1961,0.7878,0.1921,0.1567,-0.153,-0.2499
10.633333206176758,319,0.819,13.3425,0.865,9.423,0.096,1.152,-0.2416,0.674,-0.9198,0.8092,0.2525,0.1493,-0.1174,-0.2198
10.666666984558105,320,0.738,13.4985,0.882,9.377,0.1152,1.1344,-0.2528,0.6895,-1.0771,0.8585,0.1553,0.1296,-0.1176,-0.2346
10.699999809265137,321,0.7095,13.6695,0.855,9.441,0.092,1.1216,-0.24,0.8437,-1.0862,1.0094,0.1601,0.1398,-0.13,-0.232
10.733333587646484,322,0.783,13.3905,0.893,9.322,0.1176,1.136,-0.2256,0.7246,-1.2453,0.8912,-0.0562,0.138,-0.121,-0.2399
10.766666412353516,323,0.7665,13.5885,0.854,9.227,0.1056,1.1088,-0.2224,0.7925,-1.3501,0.9066,-0.1278,0.136,-0.1293,-0.2242
10.800000190734863,324,0.7275,13.4745,0.829,9.401,0.0936,1.108,-0.2216,0.6222,-1.2281,0.8137,0.0194,0.1361,-0.1633,-0.2288
10.833333015441895,325,0.6645,13.4925,0.818,9.285,0.0928,1.1328,-0.2128,0.6132,-1.3542,0.7827,-0.0583,0.1541,-0.142,-0.2164
10.866666793823242,326,0.7065,13.6605,0.838,9.254,0.0696,1.1352,-0.2224,0.6143,-1.6458,0.7182,-0.1454,0.1234,-0.1603,-0.1926
10.899999618530273,327,0.7005,13.6635,0.82,9.203,0.0584,1.1216,-0.2552,0.7179,-0.8056,0.866,0.0582,0.1084,-0.0966,-0.239
10.933333396911621,328,0.723,13.8795,0.838,9.318,0.0832,1.1384,-0.232,0.6352,-0.9191,0.7786,0.0431,0.1208,-0.138,-0.2191
10.966666221618652,329,0.675,13.776,0.797,9.268,0.032,1.1408,-0.2224,0.5786,-1.1109,0.7459,0.0631,0.0863,-0.111,-0.2075
11.0,330,0.666,13.6935,0.8,9.172,0.0248,1.0296,-0.2192,0.6076,-1.5927,0.7456,-0.1598,0.0612,-0.2475,-0.1965
11.033333778381348,331,0.6525,13.3995,0.822,8.873,0.0256,0.9224,-0.2608,0.7966,-1.6869,0.9272,-0.4042,0.0371,-0.3609,-0.2829
11.066666603088379,332,0.63,13.3275,0.827,8.889,0.0056,0.912,-0.2432,0.4822,-1.8809,0.7025,-0.5532,0.0637,-0.4015,-0.2453
11.100000381469727,333,0.597,13.176,0.788,8.741,0.0144,0.9368,-0.2432,0.5804,-1.8978,0.8041,-0.4579,0.0503,-0.3424,-0.2453
11.133333206176758,334,0.5265,12.963,0.757,8.619,0.024,0.932,-0.212,0.5304,-1.94,0.7743,-0.4996,0.0447,-0.3368,-0.2164
11.166666984558105,335,0.5145,13.425,0.747,8.684,0.024,0.9328,-0.212,0.4558,-1.6944,0.6751,-0.54,0.0823,-0.3438,-0.2319
11.199999809265137,336,0.531,13.0305,0.735,8.452,0.024,0.9008,-0.1992,0.4155,-1.9137,0.6937,-0.7024,0.0569,-0.3599,-0.2286
11.233333587646484,337,0.528,13.1055,0.748,8.453,0.0008,0.8824,-0.2432,0.5275,-1.8789,0.7639,-0.7304,0.0129,-0.4335,-0.2411
11.266666412353516,338,0.561,13.0095,0.752,8.41,0.0104,0.8528,-0.2192,0.4777,-2.0335,0.7389,-0.7909,0.0813,-0.4338,-0.1863
11.300000190734863,339,0.576,13.0305,0.761,8.395,0.0528,0.8192,-0.1816,0.4682,-1.9538,0.6868,-0.8448,0.0855,-0.4282,-0.1856
11.333333015441895,340,0.609,12.987,0.733,8.291,0.06,0.7936,-0.2272,0.7739,-2.0002,0.8849,-0.9608,0.0602,-0.4808,-0.2378
11.366666793823242,341,0.621,12.951,0.681,8.238,0.0552,0.776,-0.2064,0.5403,-2.1605,0.6466,-1.0308,0.0821,-0.4812,-0.1851
11.399999618530273,342,0.5835,12.8625,0.697,8.123,0.0,0.7816,-0.188,0.6119,-2.1963,0.7286,-1.1133,0.0663,-0.5427,-0.1968
11.433333396911621,343,0.609,12.8025,0.742,8.019,0.0432,0.732,-0.2136,0.6465,-2.2488,0.7215,-1.1366,0.0649,-0.4955,-0.2278
11.466666221618652,344,0.564,12.78,0.708,7.936,0.0464,0.6952,-0.1744,0.4664,-2.2615,0.6349,-1.3191,0.1001,-0.5684,-0.1711
11.5,345,0.648,12.726,0.738,7.875,0.0296,0.6768,-0.2176,0.7169,-2.3545,0.806,-1.3739,0.0831,-0.6216,-0.24
11.533333778381348,346,0.6465,12.69,0.785,7.822,0.036,0.6488,-0.252,0.7397,-2.3762,0.8638,-1.3631,0.0476,-0.6378,-0.2926
11.566666603088379,347,0.7635,12.66,0.903,7.895,-0.0016,0.6368,-0.3152,0.699,-2.4092,0.8863,-1.3691,0.0348,-0.6574,-0.2758
11.600000381469727,348,0.801,12.6165,0.953,7.899,-0.052,0.5624,-0.296,0.9104,-2.3951,1.0895,-1.3518,0.0043,-0.6551,-0.3569
11.633333206176758,349,0.813,12.615,1.024,7.877,-0.0392,0.5392,-0.2576,0.7252,-2.3953,0.931,-1.3321,-0.001,-0.7109,-0.2147
11.666666984558105,350,0.654,12.63,0.811,7.88,0.0488,0.5728,-0.1576,0.6364,-2.4214,0.844,-1.3871,0.0894,-0.738,-0.1716
11.699999809265137,351,0.6225,12.783,0.776,7.934,0.052,0.5336,-0.104,0.5923,-2.3461,0.7714,-1.2751,0.0702,-0.7335,-0.1455
11.733333587646484,352,0.5475,13.065,0.762,8.048,0.0344,0.5832,-0.0616,0.6268,-1.8912,0.8064,-1.1164,0.0646,-0.6863,-0.0552
11.766666412353516,353,0.5955,13.3995,0.775,8.176,0.0192,0.6008,-0.0472,0.5216,-1.6825,0.6792,-1.069,0.0644,-0.6527,-0.0708
11.800000190734863,354,0.57,13.824,0.746,8.37,0.0152,0.6304,-0.0832,0.564,-1.3021,0.7434,-0.9011,0.0457,-0.635,-0.0527
11.833333015441895,355,0.558,14.3235,0.769,8.25,0.0368,0.7328,-0.0312,0.641,-0.7225,0.8179,-1.1871,0.0883,-0.571,-0.0495
11.866666793823242,356,0.6795,14.736,0.828,8.596,0.0384,0.7384,-0.0712,0.6575,-0.3297,0.8536,-0.5976,0.064,-0.5348,-0.0719
11.899999618530273,357,0.6195,14.8905,0.788,8.735,-0.0056,0.7016,-0.108,0.6467,-0.1865,0.8051,-0.515,0.0294,-0.561,-0.0926
11.933333396911621,358,0.549,15.078,0.726,8.904,-0.0568,0.6864,-0.1264,0.6639,-0.0309,0.8298,-0.3938,-0.0298,-0.5794,-0.1357
11.966666221618652,359,0.5685,15.384,0.75,9.202,-0.084,0.7032,-0.1184,0.5903,0.2313,0.7556,-0.1775,-0.0615,-0.5753,-0.1271
12.0,360,0.504,15.543,0.717,9.486,-0.084,0.7016,-0.1392,0.468,0.6725,0.6972,0.2628,-0.0736,-0.5451,-0.1214
12.033333778381348,361,0.4635,15.684,0.661,9.62,-0.0704,0.6472,-0.184,0.4351,0.4695,0.6456,0.2708,-0.0329,-0.6173,-0.1819
12.066666603088379,362,0.4785,15.741,0.69,9.577,-0.084,0.6024,-0.2528,0.495,0.7847,0.6848,0.3771,-0.059,-0.6472,-0.2418
12.100000381469727,363,0.5205,15.645,0.693,9.605,-0.0888,0.5496,-0.2968,0.6129,0.4487,0.7725,0.1866,-0.0572,-0.7531,-0.2917
12.133333206176758,364,0.4935,15.639,0.661,9.57,-0.084,0.5744,-0.3208,0.6838,0.45,0.8543,0.1335,-0.0513,-0.7655,-0.3716
12.166666984558105,365,0.4815,15.6345,0.656,9.588,-0.0928,0.5856,-0.348,0.5035,0.6565,0.6867,0.2573,-0.0495,-0.7414,-0.3564
12.199999809265137,366,0.519,15.5595,0.677,9.576,-0.0776,0.5656,-0.36,0.3971,0.4035,0.6042,0.1579,-0.0333,-0.7204,-0.3413
12.233333587646484,367,0.48,15.735,0.612,9.636,-0.076,0.572,-0.3768,0.5034,0.4411,0.6184,0.166,-0.0378,-0.6861,-0.3621
12.266666412353516,368,0.4635,15.3555,0.531,9.583,-0.0912,0.5896,-0.3528,0.582,-0.0387,0.6516,0.0567,-0.0604,-0.7179,-0.374
12.300000190734863,369,0.468,15.555,0.497,9.703,-0.0792,0.6304,-0.3392,0.5236,0.9079,0.5669,0.377,-0.0378,-0.6268,-0.3757
12.333333015441895,370,0.4725,15.615,0.43,9.721,-0.0696,0.6456,-0.3584,0.3871,0.4595,0.3801,0.19,-0.0196,-0.6871,-0.3542
12.366666793823242,371,0.4425,15.438,0.364,9.698,-0.0664,0.6296,-0.3568,0.4654,-0.0529,0.4186,-0.132,-0.0398,-0.7477,-0.3607
12.399999618530273,372,0.393,15.4335,0.384,9.719,-0.0792,0.6224,-0.3616,0.3645,0.3026,0.3049,-0.0011,-0.0222,-0.6887,-0.3472
12.433333396911621,373,0.417,15.5805,0.371,9.823,-0.088,0.6528,-0.3464,0.2988,0.7056,0.2829,0.1257,-0.024,-0.6575,-0.3568
12.466666221618652,374,0.3735,15.3525,0.351,9.845,-0.0648,0.6472,-0.3408,0.3335,0.4181,0.3211,0.1229,-0.0339,-0.6677,-0.3279
12.5,375,0.3255,15.387,0.384,9.81,-0.0784,0.6408,-0.3368,0.4134,1.4055,0.4936,0.3597,-0.0409,-0.5672,-0.3749
12.533333778381348,376,0.3075,15.39,0.387,9.862,-0.0576,0.6328,-0.3416,0.377,1.0616,0.4472,0.2676,-0.0528,-0.6388,-0.3498
12.566666603088379,377,0.3225,15.1275,0.359,9.934,-0.0688,0.6592,-0.3216,0.2486,0.1185,0.3348,0.0738,-0.0177,-0.647,-0.337
12.600000381469727,378,0.264,15.204,0.352,9.99,-0.0384,0.6784,-0.348,0.254,0.9622,0.3243,0.22,-0.0237,-0.5755,-0.3667
12.633333206176758,379,0.312,14.718,0.403,10.045,-0.0496,0.6832,-0.3368,0.4395,1e-04,0.4843,0.0351,-0.0277,-0.6,-0.3687
12.666666984558105,380,0.306,14.553,0.399,9.986,-0.04,0.6672,-0.3176,0.3467,-0.3679,0.3841,-0.2694,0.0016,-0.7354,-0.3309
12.699999809265137,381,0.303,14.61,0.413,10.084,-0.0048,0.6712,-0.3304,0.1835,0.7461,0.2925,0.2085,0.0852,-0.5795,-0.3014
12.733333587646484,382,0.3255,14.658,0.403,10.135,0.0288,0.656,-0.32,0.213,0.4315,0.3361,-0.0032,0.0872,-0.6451,-0.3003
12.766666412353516,383,0.3165,14.4735,0.401,10.185,0.0976,0.6392,-0.2672,0.2434,0.7374,0.3707,0.1805,0.1172,-0.5827,-0.2606
12.800000190734863,384,0.3255,14.223,0.419,10.163,0.1032,0.6568,-0.2328,0.2201,0.0384,0.3009,-0.1472,0.1689,-0.6763,-0.2313
12.833333015441895,385,0.324,14.316,0.415,10.307,0.1408,0.6944,-0.2312,0.4335,0.9638,0.5178,0.2397,0.1582,-0.5579,-0.2599
12.866666793823242,386,0.33,14.193,0.438,10.292,0.16,0.6888,-0.2192,0.2135,0.5284,0.3416,-0.0217,0.1918,-0.61,-0.1786
12.899999618530273,387,0.327,14.2035,0.443,10.338,0.1632,0.6992,-0.2048,0.3213,1.4959,0.4849,0.3885,0.1885,-0.5137,-0.1898
12.933333396911621,388,0.321,14.178,0.44,10.487,0.1712,0.7256,-0.2072,0.2677,1.1148,0.4164,0.2582,0.1978,-0.5697,-0.1927
12.966666221618652,389,0.357,14.2155,0.433,10.434,0.176,0.6944,-0.1616,0.2391,1.2529,0.3896,0.159,0.2078,-0.5759,-0.1774
13.0,390,0.3225,14.034,0.459,10.522,0.1848,0.6936,-0.1712,0.2725,1.3319,0.4357,0.2484,0.2202,-0.5507,-0.1839
13.033333778381348,391,0.339,13.845,0.437,10.612,0.1648,0.7176,-0.1808,0.3965,0.3047,0.4917,-0.0632,0.1935,-0.6228,-0.1933
13.066666603088379,392,0.327,13.5795,0.453,10.526,0.1752,0.6552,-0.1904,0.4903,0.1561,0.6019,-0.0306,0.1981,-0.6186,-0.2059
13.100000381469727,393,0.3165,13.668,0.448,10.575,0.1704,0.6816,-0.1712,0.2103,0.9617,0.3295,0.1831,0.2281,-0.5675,-0.1417
13.133333206176758,394,0.333,13.5405,0.425,10.672,0.1768,0.688,-0.152,0.3569,-0.0347,0.4703,-0.1116,0.2054,-0.6738,-0.1861
13.166666984558105,395,0.3135,13.329,0.444,10.82,0.196,0.68,-0.188,0.3777,0.1775,0.4613,0.005,0.2234,-0.6453,-0.1853
13.199999809265137,396,0.2895,13.626,0.412,10.989,0.188,0.6984,-0.1896,0.3204,1.4783,0.4463,0.5124,0.2334,-0.5284,-0.1851
13.233333587646484,397,0.348,13.2165,0.413,11.008,0.1856,0.6944,-0.1696,0.2694,0.4344,0.3653,0.3313,0.2219,-0.5973,-0.1951
13.266666412353516,398,0.303,13.326,0.385,11.089,0.1936,0.716,-0.1648,0.2589,1.1886,0.3566,0.518,0.2121,-0.538,-0.1516
13.300000190734863,399,0.2325,13.149,0.282,11.184,0.1952,0.7168,-0.1704,0.307,1.0339,0.3556,0.5368,0.2438,-0.5838,-0.186
13.333333015441895,400,0.2625,12.999,0.268,11.248,0.2024,0.6992,-0.1952,0.0943,0.5311,0.088,0.4195,0.2746,-0.5824,-0.1604
13.366666793823242,401,0.1395,13.0125,0.185,11.242,0.2424,0.7184,-0.1864,0.1499,0.5446,0.1768,0.3232,0.2693,-0.5844,-0.1715
13.399999618530273,402,0.0825,12.8985,0.183,11.193,0.2376,0.6904,-0.188,-0.0481,0.6262,0.058,0.4286,0.3,-0.6143,-0.1846
13.433333396911621,403,0.078,13.053,0.193,11.388,0.2392,0.7192,-0.1936,0.0767,0.9662,0.1649,0.5834,0.2903,-0.5342,-0.1714
13.466666221618652,404,0.03,12.8235,0.123,11.305,0.2712,0.7072,-0.1888,0.12,0.6638,0.2064,0.3434,0.2984,-0.6136,-0.1993
13.5,405,-0.009,12.8205,0.127,11.362,0.2712,0.7144,-0.1984,-0.0843,0.7257,0.0693,0.3951,0.3119,-0.5879,-0.1888
13.533333778381348,406,-0.015,12.9465,0.118,11.501,0.2656,0.72,-0.1816,0.0271,0.7986,0.1412,0.6635,0.2833,-0.565,-0.1683
13.566666603088379,407,-0.006,12.9135,0.102,11.421,0.2664,0.7184,-0.1592,-0.0712,0.3867,0.0404,0.3185,0.3135,-0.581,-0.1598
13.600000381469727,408,-0.033,12.849,0.119,11.344,0.2408,0.716,-0.1608,0.0413,0.3334,0.1244,0.2502,0.3295,-0.6124,-0.1841
13.633333206176758,409,0.033,12.8595,0.127,11.407,0.2848,0.7024,-0.1688,-0.0955,0.2205,0.0271,0.1039,0.3222,-0.6524,-0.1379
13.666666984558105,410,0.0225,12.804,0.143,11.513,0.2984,0.6744,-0.1584,-0.0855,0.2326,0.0286,0.4583,0.3281,-0.6032,-0.1445
13.699999809265137,411,0.0375,12.6915,0.155,11.423,0.3104,0.6496,-0.1752,0.0444,0.3172,0.172,0.6555,0.338,-0.5767,-0.1965
13.733333587646484,412,0.033,12.711,0.17,11.411,0.3136,0.6952,-0.1888,0.0279,0.191,0.1566,0.4559,0.3629,-0.5621,-0.1662
13.766666412353516,413,0.0285,12.6705,0.185,11.401,0.3256,0.6832,-0.1696,0.096,0.1041,0.2648,0.378,0.3601,-0.6119,-0.1782
13.800000190734863,414,0.03,12.609,0.201,11.392,0.3464,0.6728,-0.1528,-0.0837,-0.0193,0.1091,0.1628,0.3561,-0.6121,-0.138
13.833333015441895,415,0.024,12.528,0.212,11.477,0.34,0.6752,-0.1648,0.0675,-0.1347,0.2231,0.1138,0.3595,-0.6331,-0.1508
13.866666793823242,416,0.021,12.627,0.201,11.546,0.3448,0.6912,-0.1656,0.0218,0.0024,0.2028,0.4626,0.3735,-0.5784,-0.1555
13.899999618530273,417,0.054,12.6555,0.243,11.678,0.3424,0.6792,-0.1744,0.1222,-0.0132,0.3235,0.5374,0.3829,-0.5708,-0.1839
13.933333396911621,418,0.0555,12.678,0.244,11.608,0.3312,0.6624,-0.184,0.0698,-0.1662,0.228,0.2763,0.3701,-0.6588,-0.1838
13.966666221618652,419,0.108,12.684,0.245,11.661,0.3336,0.7128,-0.176,-0.0337,-0.4038,0.1609,-0.0769,0.3761,-0.6486,-0.165
14.0,420,0.072,12.624,0.253,11.69,0.3344,0.7176,-0.1776,0.0153,-0.1279,0.1706,0.4665,0.3945,-0.5907,-0.1528
14.033333778381348,421,0.096,12.7215,0.27,11.766,0.3304,0.7376,-0.212,0.1309,-0.0654,0.3202,0.4848,0.3928,-0.508,-0.2
14.066666603088379,422,0.105,12.7245,0.266,11.797,0.3336,0.6664,-0.1936,0.0342,0.0319,0.2228,0.6132,0.3651,-0.5642,-0.1712
14.100000381469727,423,0.087,12.7035,0.256,11.791,0.3344,0.6936,-0.1904,0.0793,-0.3667,0.2261,0.2935,0.3761,-0.5908,-0.1673
14.133333206176758,424,0.108,12.7845,0.268,11.877,0.3248,0.6976,-0.1904,0.1454,-0.1871,0.3251,0.3235,0.3665,-0.6101,-0.1997
14.166666984558105,425,0.096,12.6915,0.238,11.778,0.332,0.6936,-0.1872,0.1778,-0.426,0.3541,0.0538,0.3796,-0.6439,-0.2096
14.199999809265137,426,0.108,12.642,0.204,11.791,0.3256,0.6864,-0.2024,0.1321,-0.2852,0.2832,0.3816,0.3765,-0.5663,-0.1854
14.233333587646484,427,0.069,12.615,0.177,11.825,0.3448,0.6888,-0.1848,0.0369,-0.2847,0.1943,0.3416,0.3718,-0.5795,-0.1844
14.266666412353516,428,0.1065,12.555,0.181,11.836,0.3336,0.7096,-0.2232,0.1273,-0.4299,0.2023,0.2934,0.3987,-0.5963,-0.191
14.300000190734863,429,0.0975,12.4515,0.177,11.844,0.3616,0.6344,-0.216,0.2399,-0.5909,0.3072,0.2824,0.3955,-0.6197,-0.2241
14.333333015441895,430,0.0495,12.4665,0.104,11.857,0.3544,0.6848,-0.2016,0.1057,-0.4103,0.1417,0.4933,0.4129,-0.5466,-0.1908
14.366666793823242,431,0.069,12.402,0.096,11.932,0.3536,0.6552,-0.1984,0.0722,-0.7367,0.0793,0.2448,0.385,-0.6197,-0.1774
14.399999618530273,432,0.036,12.2925,0.043,11.815,0.3424,0.672,-0.1984,0.1714,-0.6329,0.1821,0.2495,0.4001,-0.6133,-0.2122
14.433333396911621,433,-0.0015,12.411,-0.022,11.803,0.3304,0.6576,-0.1992,0.0297,-0.6091,0.0282,0.3052,0.3941,-0.6272,-0.2123
14.466666221618652,434,-0.036,12.558,-0.006,11.865,0.3312,0.6512,-0.1976,0.152,-0.728,0.1862,0.2439,0.3889,-0.6043,-0.2181
14.5,435,-0.015,12.549,0.057,11.866,0.3488,0.6408,-0.2056,-0.0051,-0.9142,0.0772,0.0019,0.3829,-0.6468,-0.2102
14.533333778381348,436,-0.1305,12.657,0.058,12.006,0.344,0.6744,-0.2024,0.0546,-0.7581,0.2223,0.0051,0.3709,-0.6563,-0.2196
14.566666603088379,437,-0.096,12.7635,0.134,12.096,0.3368,0.6784,-0.2288,0.0471,-0.2326,0.3121,0.5751,0.3678,-0.5892,-0.2466
14.600000381469727,438,-0.186,12.411,0.045,12.013,0.348,0.6056,-0.1968,-0.2915,-1.3489,-0.0195,0.1961,0.3912,-0.6664,-0.1631
14.633333206176758,439,-0.126,12.78,0.062,11.874,0.3192,0.6568,-0.2072,-0.1278,-1.3485,0.0949,-0.2244,0.3448,-0.7122,-0.2033
14.666666984558105,440,-0.0075,13.164,0.225,12.012,0.2864,0.6872,-0.2304,-0.0607,-0.0886,0.2041,0.5378,0.3227,-0.5201,-0.208
14.699999809265137,441,-0.183,13.02,0.065,12.117,0.3032,0.74,-0.2184,-0.2271,-1.1051,-0.0013,0.091,0.3364,-0.6078,-0.1831
14.733333587646484,442,-0.1365,13.2015,0.058,12.047,0.268,0.7584,-0.2208,-0.1067,-0.0502,0.1061,0.8232,0.3201,-0.4364,-0.2141
14.766666412353516,443,0.0075,13.368,0.199,12.165,0.2768,0.8088,-0.2248,0.1168,-1.2919,0.2959,0.2187,0.2949,-0.5218,-0.229
14.800000190734863,444,-0.0795,13.533,0.092,12.08,0.2808,0.8176,-0.2304,-0.1861,-0.4984,0.0119,0.48,0.3302,-0.4643,-0.1899
14.833333015441895,445,0.0285,13.398,0.189,12.09,0.276,0.8552,-0.268,-0.0639,-0.8899,0.1128,0.1553,0.3105,-0.4694,-0.2204
14.866666793823242,446,-0.006,13.53,0.166,12.071,0.2856,0.8624,-0.2272,-0.0667,-1.0765,0.123,0.4006,0.338,-0.4317,-0.191
14.899999618530273,447,-0.09,13.905,0.074,12.228,0.2984,0.9104,-0.2216,-0.1132,-0.3924,0.0592,0.4987,0.3319,-0.3895,-0.1964
14.933333396911621,448,-0.054,13.6725,0.082,12.056,0.2832,0.9016,-0.2288,-0.0967,-0.748,0.0861,0.2708,0.321,-0.4022,-0.2179
14.966666221618652,449,0.0075,13.806,0.126,12.027,0.2696,0.8864,-0.2504,0.074,-0.3149,0.1979,0.7171,0.309,-0.3125,-0.2335
15.0,450,0.0465,13.8255,0.187,12.121,0.2616,0.9008,-0.2344,0.0541,-0.938,0.1836,0.3905,0.3294,-0.4101,-0.2322
15.033333778381348,451,0.0195,13.512,0.132,12.022,0.2864,0.876,-0.2296,0.0693,-1.6115,0.2383,0.1175,0.3343,-0.4486,-0.2075
15.066666603088379,452,-0.0195,13.9095,0.144,11.968,0.2816,0.8624,-0.2088,0.0346,-1.6608,0.2237,-0.2811,0.3201,-0.499,-0.2045
15.100000381469727,453,-0.0225,14.5305,0.152,12.099,0.3152,0.8872,-0.2088,-0.1122,-0.2593,0.1437,0.5197,0.3772,-0.3459,-0.1878
15.133333206176758,454,0.0345,14.4195,0.176,12.205,0.332,0.896,-0.2208,-0.1821,-0.2139,0.0673,0.7025,0.3881,-0.3411,-0.1828
15.166666984558105,455,0.0795,14.154,0.214,12.05,0.3312,0.8944,-0.2008,0.1044,-0.9928,0.3323,0.2425,0.3502,-0.3948,-0.2106
15.199999809265137,456,0.051,14.346,0.239,11.9,0.3208,0.9008,-0.2256,0.1285,-0.7748,0.3343,0.3178,0.3612,-0.3681,-0.2011
15.233333587646484,457,0.102,14.526,0.305,12.0,0.3136,0.8968,-0.2168,-0.0947,0.0409,0.2154,0.8293,0.3652,-0.2959,-0.2086
15.266666412353516,458,0.111,14.6325,0.349,12.079,0.3232,0.8984,-0.2448,0.2027,-0.7669,0.4993,0.3115,0.3586,-0.416,-0.2373
15.300000190734863,459,0.114,14.472,0.393,12.097,0.2896,0.9072,-0.2312,0.1427,-0.885,0.5094,0.1686,0.3378,-0.4283,-0.2422
15.333333015441895,460,0.348,14.508,0.48,12.064,0.2976,0.9024,-0.236,-0.0399,-1.0769,0.2691,0.2437,0.355,-0.3861,-0.187
15.366666793823242,461,0.159,14.802,0.315,12.249,0.284,0.8936,-0.2024,0.3381,-0.9768,0.4866,0.4031,0.3341,-0.43,-0.2145
15.399999618530273,462,0.2685,14.7765,0.409,12.252,0.2888,0.9112,-0.2192,0.2172,-1.1698,0.397,0.224,0.3155,-0.4251,-0.1854
15.433333396911621,463,0.264,14.8365,0.438,12.169,0.2888,0.9248,-0.2096,0.1983,-0.6545,0.3782,0.6201,0.338,-0.3497,-0.2086
15.466666221618652,464,0.27,14.5485,0.447,12.067,0.2976,0.8752,-0.2432,0.3164,-1.1096,0.5385,0.3008,0.3354,-0.3998,-0.2539
15.5,465,0.2295,14.847,0.403,12.22,0.3136,0.92,-0.2552,0.1422,-0.8144,0.3395,0.5025,0.3502,-0.3723,-0.2174
15.533333778381348,466,0.2355,14.7045,0.41,12.02,0.3008,0.9072,-0.2248,0.1791,-1.0125,0.401,0.3693,0.3356,-0.3818,-0.2339
15.566666603088379,467,0.2955,15.0735,0.418,12.058,0.3088,0.8992,-0.2432,0.2271,-1.3032,0.3917,0.0534,0.3575,-0.4421,-0.2223
15.600000381469727,468,0.2145,14.7855,0.406,12.021,0.3048,0.8896,-0.244,0.2272,-0.9139,0.4747,0.2253,0.3503,-0.4119,-0.2256
15.633333206176758,469,0.216,14.883,0.36,12.051,0.2976,0.8896,-0.2536,0.1579,-1.0997,0.4211,0.205,0.347,-0.3975,-0.1958
15.666666984558105,470,0.252,14.9385,0.398,12.18,0.3168,0.8992,-0.2456,0.4518,-0.3741,0.604,0.6783,0.3473,-0.3122,-0.2648
15.699999809265137,471,0.222,15.0915,0.368,12.032,0.2888,0.8856,-0.2136,0.1074,-0.622,0.348,0.423,0.3813,-0.3754,-0.1879
15.733333587646484,472,0.228,14.9235,0.374,12.099,0.2984,0.8848,-0.2368,0.2586,-1.1279,0.4697,0.2939,0.3506,-0.3735,-0.2047
15.766666412353516,473,0.2505,14.6595,0.379,12.041,0.288,0.8632,-0.2248,0.3687,-0.9575,0.6116,0.4801,0.3384,-0.359,-0.2723
15.800000190734863,474,0.1785,15.2085,0.333,12.027,0.2984,0.9024,-0.2192,0.1826,-0.9721,0.4013,0.3933,0.3521,-0.3718,-0.2059
15.833333015441895,475,0.2295,15.201,0.387,12.191,0.2784,0.9304,-0.228,0.2826,-0.7466,0.4743,0.3578,0.3198,-0.3846,-0.245
15.866666793823242,476,0.2265,15.213,0.392,12.166,0.2728,0.8984,-0.2312,0.3037,-0.9182,0.4991,0.2791,0.3267,-0.3948,-0.2347
15.899999618530273,477,0.2175,15.1725,0.383,12.132,0.284,0.8816,-0.248,0.0746,-0.8836,0.2929,0.2994,0.3297,-0.4048,-0.2057
15.933333396911621,478,0.225,15.2415,0.386,12.202,0.26,0.8808,-0.2064,0.2628,-0.7374,0.4931,0.4148,0.3168,-0.357,-0.2197
15.966666221618652,479,0.219,15.48,0.369,12.21,0.268,0.9,-0.2176,0.3642,-0.6715,0.5441,0.4172,0.3088,-0.4019,-0.2312
16.0,480,0.231,15.3495,0.383,12.161,0.2528,0.9016,-0.2432,0.2596,-0.77,0.4223,0.264,0.3101,-0.431,-0.2218
16.03333282470703,481,0.225,15.3225,0.38,12.115,0.2656,0.8688,-0.2408,0.2688,-0.7151,0.4762,0.2935,0.299,-0.3966,-0.1977
16.066667556762695,482,0.228,15.279,0.375,12.126,0.26,0.9072,-0.2304,0.3298,-0.8378,0.5186,0.2065,0.3018,-0.4171,-0.2335
16.100000381469727,483,0.2475,15.2775,0.369,12.137,0.2672,0.9008,-0.2032,0.2659,-0.7937,0.4594,0.2782,0.3063,-0.3923,-0.2235
16.133333206176758,484,0.2565,15.327,0.377,12.086,0.256,0.9184,-0.228,0.243,-0.5608,0.4428,0.4908,0.2959,-0.3601,-0.2134
16.16666603088379,485,0.246,15.2385,0.376,12.057,0.2912,0.9232,-0.2216,0.2147,-0.7095,0.4026,0.2788,0.3056,-0.3847,-0.1905
16.200000762939453,486,0.2175,14.9685,0.392,12.009,0.3144,0.9048,-0.2184,0.2405,-1.0075,0.4698,0.1715,0.3316,-0.4132,-0.1982
16.233333587646484,487,0.261,15.1395,0.382,12.089,0.3032,0.9232,-0.2192,0.2861,-1.0166,0.5102,0.2105,0.3391,-0.4096,-0.1983
16.266666412353516,488,0.2595,15.102,0.423,12.025,0.3024,0.916,-0.2368,0.3623,-0.9096,0.5699,0.2644,0.3297,-0.3981,-0.2173
16.299999237060547,489,0.243,15.1665,0.445,12.02,0.2928,0.9136,-0.232,0.1372,-0.7765,0.3785,0.3112,0.3337,-0.3659,-0.1898
16.33333396911621,490,0.231,15.2985,0.476,12.125,0.2928,0.924,-0.2168,0.142,-0.7882,0.4185,0.2884,0.3089,-0.3481,-0.1857
16.366666793823242,491,0.243,15.315,0.483,12.139,0.2728,0.908,-0.212,0.3248,-0.9888,0.6053,0.2076,0.3212,-0.3827,-0.216
16.399999618530273,492,0.2565,15.3105,0.491,12.156,0.2696,0.912,-0.1968,0.123,-0.8155,0.4361,0.3328,0.3204,-0.4135,-0.1815
16.433332443237305,493,0.249,15.312,0.492,12.139,0.2896,0.9152,-0.2232,0.3597,-0.7358,0.6503,0.4153,0.3134,-0.3758,-0.197
16.46666717529297,494,0.2565,15.294,0.487,12.131,0.2728,0.8752,-0.2048,0.3671,-0.7181,0.6254,0.3712,0.31,-0.3394,-0.1963
16.5,495,0.267,15.2175,0.484,12.122,0.2864,0.9072,-0.212,0.2982,-0.9639,0.5608,0.242,0.3223,-0.3777,-0.1953
16.53333282470703,496,0.267,15.264,0.481,12.155,0.2984,0.9168,-0.2208,0.1352,-0.7052,0.4067,0.4084,0.2932,-0.3524,-0.1757
16.566667556762695,497,0.3195,15.2085,0.499,12.102,0.2896,0.9176,-0.2256,0.4108,-0.9916,0.6548,0.28,0.3141,-0.3776,-0.2269
16.600000381469727,498,0.3255,15.2595,0.577,12.096,0.28,0.9096,-0.2232,0.3485,-0.9586,0.6455,0.2804,0.3327,-0.3794,-0.2211
16.633333206176758,499,0.3285,15.201,0.577,12.119,0.2784,0.9368,-0.2144,0.2648,-0.9529,0.5688,0.2342,0.3459,-0.4007,-0.1858
16.66666603088379,500,0.486,15.333,0.649,12.162,0.276,0.8888,-0.2448,0.5889,-0.8038,0.7851,0.3758,0.3277,-0.361,-0.2118
16.700000762939453,501,0.4455,15.354,0.573,12.15,0.284,0.9288,-0.2152,0.5583,-0.7204,0.7074,0.3758,0.3312,-0.3781,-0.2323
16.733333587646484,502,0.468,15.3615,0.602,12.109,0.2608,0.9392,-0.2304,0.617,-0.7806,0.7738,0.3446,0.3272,-0.3787,-0.223
16.766666412353516,503,0.444,15.2775,0.607,12.131,0.2968,0.8904,-0.2224,0.4603,-0.7578,0.658,0.3543,0.3395,-0.3854,-0.193
16.799999237060547,504,0.4965,15.2475,0.63,12.141,0.2656,0.92,-0.2072,0.4341,-0.8866,0.6483,0.3553,0.299,-0.38,-0.2121
16.83333396911621,505,0.4635,15.3135,0.599,12.174,0.2688,0.8976,-0.2216,0.4507,-0.7259,0.6284,0.3862,0.3187,-0.3876,-0.2127
16.866666793823242,506,0.4785,15.354,0.604,12.15,0.2432,0.9088,-0.2144,0.4479,-0.7244,0.62,0.4744,0.3214,-0.3519,-0.2123
16.899999618530273,507,0.4695,15.291,0.631,12.185,0.252,0.9248,-0.2024,0.279,-0.9358,0.5214,0.2901,0.3163,-0.4035,-0.1557
16.933332443237305,508,0.4905,15.1965,0.645,12.128,0.252,0.8976,-0.2224,0.4237,-1.0475,0.6276,0.269,0.3029,-0.3788,-0.1962
16.96666717529297,509,0.51,15.156,0.678,12.134,0.2552,0.9008,-0.2336,0.493,-1.1402,0.7568,0.2296,0.2866,-0.3922,-0.1903
17.0,510,0.528,15.2175,0.729,12.177,0.244,0.9024,-0.2176,0.4174,-0.9552,0.6821,0.3081,0.3113,-0.3818,-0.1891
17.03333282470703,511,0.5865,15.186,0.713,12.081,0.2304,0.9152,-0.2248,0.6055,-1.3743,0.7774,0.1428,0.2927,-0.4168,-0.2136
17.066667556762695,512,0.621,15.4215,0.729,12.146,0.2568,0.908,-0.2064,0.62,-0.803,0.8215,0.4416,0.2813,-0.3737,-0.2129
17.100000381469727,513,0.582,15.3225,0.726,12.138,0.2408,0.9544,-0.2064,0.7206,-0.8077,0.9134,0.3646,0.2807,-0.367,-0.2123
17.133333206176758,514,0.564,15.306,0.714,12.177,0.2584,0.92,-0.2008,0.6238,-0.8998,0.8047,0.4454,0.298,-0.3597,-0.1998
17.16666603088379,515,0.6,15.435,0.762,12.102,0.2448,0.9184,-0.2056,0.6754,-1.591,0.8377,0.0876,0.2956,-0.4128,-0.1812
17.200000762939453,516,0.597,15.4545,0.749,12.163,0.2336,0.9128,-0.2352,0.7022,-0.8573,0.8675,0.39,0.2687,-0.353,-0.1986
17.233333587646484,517,0.636,15.696,0.755,12.173,0.2296,0.9392,-0.2224,0.5578,-0.9246,0.7441,0.2968,0.2859,-0.3692,-0.1831
17.266666412353516,518,0.621,15.4095,0.755,12.168,0.2568,0.9352,-0.2096,0.5569,-0.6714,0.7807,0.374,0.2795,-0.3619,-0.1996
17.299999237060547,519,0.6345,15.507,0.793,12.204,0.2224,0.9648,-0.2264,0.6365,-0.771,0.8322,0.4592,0.2822,-0.3289,-0.2064
17.33333396911621,520,0.669,15.534,0.843,12.196,0.26,0.9608,-0.2304,0.6007,-0.8406,0.7765,0.2931,0.2785,-0.3669,-0.1721
17.366666793823242,521,0.642,15.4695,0.808,12.134,0.2328,0.9256,-0.2088,0.6996,-0.9132,0.9005,0.3804,0.2772,-0.356,-0.2059
17.399999618530273,522,0.6465,15.8505,0.781,12.063,0.2352,0.9344,-0.2096,0.5254,-0.2613,0.7454,0.5072,0.3096,-0.3298,-0.1754
17.433332443237305,523,0.7275,15.486,0.871,12.093,0.232,0.9456,-0.2224,0.6856,-0.8458,0.8931,0.2852,0.2718,-0.3502,-0.1803
17.46666717529297,524,0.6945,15.4575,0.85,12.187,0.2584,0.9624,-0.224,0.6004,-0.8459,0.8236,0.2548,0.2856,-0.3821,-0.2143
17.5,525,0.6975,15.447,0.815,12.099,0.2552,0.9416,-0.2208,0.7057,-0.9669,0.8603,0.2914,0.304,-0.3427,-0.1959
17.53333282470703,526,0.7155,15.654,0.854,12.046,0.2432,0.9584,-0.2096,0.6413,-0.5013,0.8197,0.466,0.3005,-0.303,-0.1856
17.566667556762695,527,0.735,15.4815,0.852,12.071,0.2576,0.9184,-0.2088,0.8062,-0.5633,1.0166,0.5042,0.293,-0.3277,-0.2176
17.600000381469727,528,0.7035,15.66,0.844,12.196,0.2464,0.9592,-0.2288,0.6912,-0.7394,0.8694,0.4236,0.304,-0.3448,-0.184
17.633333206176758,529,0.6975,15.7635,0.842,12.164,0.2496,0.9288,-0.2072,0.5428,-0.0816,0.7473,0.7726,0.2871,-0.2799,-0.1799
17.66666603088379,530,0.711,15.357,0.852,11.997,0.2592,0.9216,-0.2112,0.5954,-0.9695,0.7896,0.2911,0.2953,-0.3616,-0.1765
17.700000762939453,531,0.7185,15.5865,0.849,11.99,0.2384,0.9144,-0.216,0.7618,-0.8755,0.9237,0.2909,0.285,-0.3496,-0.2074
17.733333587646484,532,0.7905,15.7185,0.892,12.213,0.2368,0.916,-0.232,0.6873,-1.0403,0.8406,0.2371,0.2796,-0.3829,-0.1966
17.766666412353516,533,0.768,15.7245,0.884,12.165,0.2464,0.9504,-0.2152,0.6601,-0.7762,0.8475,0.2948,0.2649,-0.3473,-0.2013
17.799999237060547,534,0.726,15.7185,0.848,12.133,0.2488,0.932,-0.2344,0.6442,-1.0693,0.8062,0.2214,0.2645,-0.3645,-0.2014
17.83333396911621,535,0.7275,16.014,0.895,12.183,0.228,0.928,-0.2144,0.8143,-0.805,0.9763,0.3069,0.2615,-0.3773,-0.2221
17.866666793823242,536,0.7755,15.771,0.874,12.193,0.2176,0.9336,-0.2344,0.8899,-0.9005,1.0598,0.2322,0.2698,-0.4124,-0.229
17.899999618530273,537,0.7635,15.852,0.849,12.167,0.2232,0.92,-0.2232,0.799,-0.9025,0.9835,0.3005,0.2559,-0.3991,-0.2308
17.933332443237305,538,0.7605,15.7665,0.849,12.17,0.2224,0.9776,-0.2616,0.749,-1.2089,0.8941,0.3982,0.2747,-0.3368,-0.2423
17.96666717529297,539,0.894,15.504,0.951,12.552,0.204,1.0176,-0.3232,0.8434,-1.0472,0.9797,0.8604,0.2643,-0.2627,-0.3177
18.0,540,0.876,15.3855,0.947,12.625,0.2128,1.0024,-0.3232,0.9688,-1.5114,1.0939,0.7664,0.2463,-0.3008,-0.3239
18.03333282470703,541,0.864,15.4425,0.968,12.74,0.232,1.0144,-0.3184,1.0293,-1.6414,1.1519,0.7547,0.2774,-0.3338,-0.3178
18.066667556762695,542,0.8175,15.351,0.939,12.569,0.2544,0.9736,-0.3248,0.8314,-1.4063,0.996,0.7335,0.2769,-0.3378,-0.2772
18.100000381469727,543,0.81,15.441,0.926,12.566,0.248,0.9696,-0.3328,1.0013,-1.3928,1.1409,0.7414,0.2632,-0.3179,-0.3346
18.133333206176758,544,0.8385,15.4815,0.947,12.565,0.2304,0.9488,-0.3456,0.7923,-1.0523,1.0031,0.8562,0.2701,-0.3113,-0.3041
18.16666603088379,545,0.786,15.5355,0.943,12.583,0.2248,0.976,-0.3432,0.8614,-1.1623,1.0237,0.7775,0.2526,-0.3414,-0.3245
18.200000762939453,546,0.7935,15.558,0.941,12.575,0.2224,0.9704,-0.344,0.7878,-0.9896,1.0021,0.8412,0.2604,-0.3108,-0.3223
18.233333587646484,547,0.873,15.567,0.962,12.576,0.2208,0.9648,-0.3464,0.718,-1.1434,0.9092,0.7416,0.2581,-0.3382,-0.2925
18.266666412353516,548,0.8535,15.579,0.94,12.544,0.2072,0.9656,-0.3352,1.0573,-1.2089,1.1778,0.7364,0.2503,-0.3226,-0.3432
18.299999237060547,549,0.849,15.6135,0.927,12.561,0.2072,0.9448,-0.3408,0.8058,-1.0606,0.9827,0.7516,0.2559,-0.3044,-0.304
18.33333396911621,550,0.864,15.5805,0.957,12.557,0.1976,0.9744,-0.3192,1.0124,-0.8982,1.1521,0.9099,0.2655,-0.3034,-0.3077
18.366666793823242,551,0.834,15.543,0.923,12.602,0.2296,0.9608,-0.3304,0.7734,-1.0815,0.981,0.7909,0.2523,-0.3061,-0.2994
18.399999618530273,552,0.8265,15.5655,0.899,12.726,0.184,0.996,-0.3072,0.9278,-1.2729,1.0854,0.8272,0.2436,-0.3287,-0.3235
18.433332443237305,553,0.813,15.5235,0.895,12.844,0.1968,1.0376,-0.2912,0.6651,-1.1208,0.8178,1.0354,0.2758,-0.2622,-0.259
18.46666717529297,554,0.7725,15.4335,0.867,12.879,0.1912,1.0408,-0.2672,0.7678,-1.1893,0.9448,1.1467,0.2662,-0.2043,-0.2624
18.5,555,0.672,15.336,0.745,12.852,0.2264,1.0656,-0.2432,0.5932,-1.3041,0.7684,1.1022,0.2807,-0.2429,-0.2338
18.53333282470703,556,0.5295,15.243,0.546,12.85,0.2552,1.0328,-0.1648,0.4779,-1.3115,0.5633,1.0914,0.2986,-0.2563,-0.1463
18.566667556762695,557,0.5265,15.1365,0.448,12.782,0.2552,1.0064,-0.1288,0.3082,-1.6025,0.3709,0.9258,0.2964,-0.2744,-0.0509
18.600000381469727,558,0.4365,15.0525,0.42,12.811,0.2576,1.0024,-0.1088,0.5685,-1.5566,0.5872,1.0736,0.3035,-0.2995,-0.1001
18.633333206176758,559,0.339,15.024,0.288,12.858,0.2968,0.9744,-0.0536,0.3638,-1.6509,0.3807,1.0886,0.3399,-0.3063,-0.04
18.66666603088379,560,0.2955,14.9895,0.232,12.889,0.292,0.9728,-0.0176,0.0784,-1.6739,0.0963,1.0935,0.3606,-0.283,0.0115
18.700000762939453,561,0.228,15.015,0.105,12.869,0.2896,1.0056,-0.004,0.1468,-1.6907,0.0891,1.0888,0.3493,-0.2959,0.0194
18.733333587646484,562,0.1395,15.084,0.002,12.861,0.2952,0.9952,0.0216,0.2887,-1.6026,0.2226,1.1116,0.3251,-0.3043,0.0091
18.766666412353516,563,0.0375,15.093,-0.088,12.86,0.3064,1.0056,0.0352,0.0174,-1.6112,-0.0521,1.0717,0.3541,-0.3035,0.052
18.799999237060547,564,-0.1275,15.105,-0.27,12.874,0.3096,0.9936,0.08,0.106,-1.5675,0.0202,1.1347,0.366,-0.2594,0.0732
18.83333396911621,565,-0.1725,15.1485,-0.304,12.933,0.3136,1.0272,0.0816,-0.1499,-1.5801,-0.2218,1.0984,0.3357,-0.2707,0.1074
18.866666793823242,566,-0.255,15.198,-0.367,12.947,0.2952,1.0472,0.0504,-0.2035,-1.4888,-0.2279,1.2168,0.3489,-0.2778,0.0719
18.899999618530273,567,-0.3915,15.1815,-0.425,13.03,0.3016,1.0544,0.088,-0.3151,-1.5359,-0.3164,1.2651,0.3382,-0.2245,0.0563
18.933332443237305,568,-0.549,15.237,-0.479,13.111,0.2992,1.1016,0.0648,-0.2776,-1.495,-0.1902,1.3072,0.334,-0.2206,0.0607
18.96666717529297,569,-0.702,15.228,-0.581,13.102,0.3176,1.1056,0.0904,-0.6601,-1.3926,-0.4675,1.3594,0.3236,-0.1919,0.1254
19.0,570,-0.846,15.2745,-0.66,13.149,0.3024,1.1176,0.0872,-0.8233,-1.5459,-0.5827,1.2288,0.3362,-0.2132,0.1076
19.03333282470703,571,-0.939,15.351,-0.78,13.128,0.2912,1.1104,0.1008,-0.9266,-1.4054,-0.6726,1.3382,0.3471,-0.1395,0.1501
19.066667556762695,572,-1.0125,15.357,-0.791,13.091,0.2952,1.1392,0.1248,-0.9047,-1.2082,-0.5827,1.4353,0.338,-0.1273,0.12
19.100000381469727,573,-1.02,15.3885,-0.755,13.054,0.3136,1.1584,0.128,-0.948,-1.2406,-0.6459,1.2823,0.3458,-0.1309,0.1028
19.133333206176758,574,-1.1085,15.483,-0.829,13.002,0.2904,1.1504,0.1472,-0.9276,-1.2602,-0.6281,1.1459,0.3549,-0.1641,0.1628
19.16666603088379,575,-0.948,15.5295,-0.658,12.985,0.2992,1.1712,0.0848,-0.9296,-1.239,-0.5731,1.1752,0.3399,-0.1405,0.1096
19.200000762939453,576,-0.846,16.1745,-0.509,12.969,0.168,1.112,-0.3264,-0.0188,-0.7704,0.3629,0.9197,0.1556,-0.2047,-0.4806
19.233333587646484,577,-1.2135,16.263,-1.1,12.734,0.3984,1.2616,0.7232,-2.8556,-0.1153,-2.4788,1.0363,0.4689,-0.008,0.9439
19.266666412353516,578,-2.0475,16.2,-1.905,12.639,0.3848,1.28,0.6072,-2.1006,-0.0389,-1.8717,1.1437,0.4395,0.0516,0.6551
19.299999237060547,579,-1.743,16.23,-1.677,12.651,0.36,1.3176,0.36,-1.9051,-0.0901,-1.6587,1.0779,0.403,0.0746,0.3531
19.33333396911621,580,-1.6605,16.482,-1.596,13.059,0.3456,1.412,0.2856,-1.7655,-0.1649,-1.6041,1.1761,0.3892,0.0879,0.2983
19.366666793823242,581,-1.4505,16.71,-1.431,13.063,0.3376,1.4144,0.2576,-1.443,0.2838,-1.3522,1.3646,0.39,0.1277,0.263
19.399999618530273,582,-1.5165,16.602,-1.467,13.202,0.336,1.3752,0.268,-1.5452,-0.3904,-1.3634,1.2504,0.3687,0.0864,0.2441
19.433332443237305,583,-1.3005,16.7535,-1.348,13.005,0.3512,1.3432,0.208,-1.4306,-0.1423,-1.3398,1.1747,0.3651,0.034,0.2501
19.46666717529297,584,-1.125,16.5915,-1.192,12.991,0.3496,1.2768,0.1688,-1.2254,-0.2718,-1.1502,1.1687,0.3992,-0.0162,0.2175
19.5,585,-1.0125,16.6695,-1.06,13.051,0.408,1.288,0.1384,-0.9888,-0.0877,-0.9374,1.1433,0.4097,-0.0248,0.1565
19.53333282470703,586,-0.876,16.689,-0.909,13.045,0.4048,1.2808,0.0792,-0.885,0.2644,-0.8335,1.4701,0.441,0.0395,0.0774
19.566667556762695,587,-0.7845,16.776,-0.78,12.939,0.4296,1.2584,0.0968,-0.883,0.1542,-0.7701,1.1444,0.4567,-0.0422,0.1773
19.600000381469727,588,-0.8505,16.2375,-0.747,12.859,0.3904,1.2792,0.116,-0.9457,-1.0804,-0.7437,0.5681,0.4555,-0.0751,0.1786
19.633333206176758,589,-0.774,16.5225,-0.636,12.962,0.408,1.2776,0.124,-0.7071,-0.6211,-0.4808,0.9729,0.4357,-0.0418,0.1103
19.66666603088379,590,-0.795,16.812,-0.602,13.093,0.4392,1.3544,0.2168,-0.9237,-0.9434,-0.6232,0.7399,0.4594,-0.0086,0.2871
19.700000762939453,591,-0.6675,17.217,-0.378,13.168,0.4216,1.3896,0.0792,-0.5186,1.4231,-0.0633,2.0796,0.4589,0.2129,0.0692
19.733333587646484,592,-0.456,17.0085,-0.192,13.12,0.4232,1.3696,0.112,-0.4549,-0.0812,-0.1182,1.3053,0.4742,0.0984,0.093
19.766666412353516,593,-0.3255,16.8495,-0.199,13.22,0.4168,1.368,0.1016,-0.5625,-0.8104,-0.2506,1.3992,0.4762,0.0797,0.1522
19.799999237060547,594,-0.351,16.9275,-0.211,13.119,0.4144,1.3632,0.1144,-0.3152,0.0228,-0.0507,1.7459,0.4429,0.1526,0.1454
19.83333396911621,595,-0.318,16.947,-0.221,13.135,0.3664,1.3312,0.0712,-0.3153,-1.4563,-0.119,1.0011,0.407,-0.034,0.1379
19.866666793823242,596,-0.216,17.1135,-0.163,13.266,0.3328,1.3288,0.0832,-0.1668,-1.2415,-0.0034,1.2701,0.3802,0.0404,0.1054
19.899999618530273,597,-0.378,16.275,-0.331,13.865,0.3432,1.5512,0.2216,-0.3188,-2.5774,-0.1909,2.0954,0.3703,0.2419,0.2331
19.933332443237305,598,-0.507,15.2295,-0.341,14.606,0.3328,1.6368,0.204,-0.5866,-4.0406,-0.3756,2.5844,0.3666,0.2632,0.2521
19.96666717529297,599,-0.333,15.054,-0.212,14.876,0.308,1.6248,0.0936,-0.1116,-3.9424,0.0239,2.9624,0.3517,0.2843,0.1213
20.0,600,-0.168,14.6355,-0.122,14.701,0.3048,1.556,0.1416,-0.0813,-3.4455,0.0649,2.8722,0.3739,0.2774,0.1867
20.03333282470703,601,-0.2295,15.384,-0.204,14.822,0.308,1.5168,0.1072,-0.1654,-2.9589,-0.0125,2.8164,0.3347,0.1883,0.1133
20.066667556762695,602,-0.1695,15.9675,-0.127,14.676,0.236,1.5384,0.0456,-0.1721,-2.1129,-0.0223,2.8801,0.2756,0.2717,0.0785
20.100000381469727,603,-0.111,16.473,-0.079,14.478,0.2312,1.516,0.0904,-0.1367,-1.4197,0.012,2.6993,0.2709,0.2164,0.1212
20.133333206176758,604,-0.2745,16.9845,-0.218,14.267,0.1872,1.4592,0.1624,-0.4177,-0.7539,-0.2067,2.4931,0.2735,0.2151,0.1884
20.16666603088379,605,-0.369,17.313,-0.328,14.033,0.1528,1.4584,0.14,-0.5389,-0.658,-0.3511,2.2464,0.194,0.1557,0.215
20.200000762939453,606,-0.234,17.4345,-0.313,13.903,0.0936,1.4256,0.2048,-0.3235,-0.5886,-0.2364,2.0703,0.1142,0.1263,0.2274
20.233333587646484,607,-0.222,17.874,-0.274,13.757,0.0648,1.3912,0.1736,-0.0778,0.0209,-0.0066,2.0407,0.1114,0.0837,0.1643
20.266666412353516,608,-0.3345,17.9685,-0.304,13.426,0.0376,1.2936,0.1312,-0.1973,0.0079,-0.0615,1.6088,0.0664,-0.0005,0.1164
20.299999237060547,609,-0.288,17.91,-0.278,13.214,0.0248,1.1792,0.1832,-0.18,-0.2253,-0.0213,1.3481,0.0533,-0.108,0.1871
20.33333396911621,610,-0.5115,17.706,-0.463,12.923,0.0192,1.0688,0.2016,-0.3954,-0.628,-0.2273,0.9203,0.0307,-0.2418,0.2103
20.366666793823242,611,-0.348,17.6565,-0.262,12.745,-0.04,0.9792,-0.0048,-0.2516,-0.7113,-0.0438,0.712,0.0303,-0.3463,-0.0594
20.399999618530273,612,0.0945,17.6265,0.078,12.405,-0.0096,0.8376,-0.1264,0.1444,-0.8408,0.1953,0.3311,0.0087,-0.5166,-0.14
20.433332443237305,613,-0.162,18.03,-0.129,12.382,-0.044,0.7472,-0.1032,-0.1175,0.0393,0.0102,0.6046,0.0331,-0.5421,-0.0681
20.46666717529297,614,-0.159,18.4035,-0.017,12.109,-0.0312,0.6656,-0.2048,-0.2231,-0.2115,0.0507,-0.0861,0.0136,-0.6659,-0.1709
20.5,615,-0.048,18.387,0.16,12.02,-0.0408,0.688,-0.0952,-0.128,0.2041,0.2356,0.273,-0.0147,-0.6115,-0.1355
20.53333282470703,616,-0.0075,18.456,0.138,12.058,-0.0456,0.6712,-0.1224,-0.2346,0.2643,0.0932,0.0785,-0.0095,-0.6504,-0.0378
20.566667556762695,617,0.0345,17.9835,0.151,11.891,-0.0216,0.6224,-0.1192,-0.2925,-0.1617,0.0306,-0.0374,0.0253,-0.6781,-0.0623
20.600000381469727,618,0.0225,18.2025,0.128,11.955,-0.024,0.6016,-0.1264,0.0175,0.2882,0.2594,0.1599,0.0172,-0.6398,-0.066
20.633333206176758,619,-0.0135,18.2385,0.116,11.924,-0.0176,0.624,-0.116,0.0144,0.238,0.2626,-0.0774,0.0146,-0.6845,-0.073
20.66666603088379,620,-0.027,18.2685,0.089,11.843,-0.0128,0.596,-0.116,-0.0612,0.1496,0.1846,-0.158,0.0251,-0.7115,-0.0808
20.700000762939453,621,0.021,18.351,0.156,11.687,-0.0288,0.596,-0.1232,-0.0601,0.3863,0.2099,-0.155,0.0257,-0.7108,-0.0996
20.733333587646484,622,0.024,18.354,0.143,11.538,-0.0424,0.5768,-0.12,0.0621,0.0878,0.2931,-0.5167,0.0248,-0.7674,-0.1114
20.766666412353516,623,0.033,18.255,0.119,11.369,-0.0336,0.5344,-0.1224,0.161,-0.1634,0.3566,-0.8166,0.0416,-0.8078,-0.1345
20.799999237060547,624,0.0255,18.279,0.134,11.145,-0.0264,0.5624,-0.1184,0.0523,0.3769,0.2339,-0.7104,0.0198,-0.736,-0.1297
20.83333396911621,625,0.036,18.456,0.139,11.091,-0.0256,0.504,-0.1424,0.0706,0.0915,0.2873,-0.9666,0.0368,-0.7732,-0.1214
20.866666793823242,626,0.0795,18.1065,0.13,11.001,-0.0432,0.496,-0.1368,0.0308,-0.041,0.2407,-1.0973,0.0348,-0.8286,-0.1111
20.899999618530273,627,0.054,18.267,0.116,11.024,-0.016,0.5328,-0.12,0.2431,0.0506,0.4093,-0.9358,0.0244,-0.805,-0.1469
20.933332443237305,628,0.0915,18.249,0.167,11.15,-0.016,0.5488,-0.1584,0.1535,0.1649,0.3399,-0.9261,0.0395,-0.8138,-0.1092
20.96666717529297,629,0.0615,18.45,0.159,11.17,-0.0176,0.5448,-0.1568,0.0401,0.3265,0.2712,-0.9496,0.0289,-0.8088,-0.1108
21.0,630,0.0825,18.165,0.166,11.064,0.0152,0.5112,-0.1552,0.0809,0.321,0.2372,-0.8148,0.0346,-0.7862,-0.1541
21.03333282470703,631,0.1005,18.3135,0.162,11.143,-0.0024,0.5208,-0.1536,0.1105,0.3167,0.2826,-0.8494,0.0442,-0.7852,-0.1432
21.066667556762695,632,0.075,18.1185,0.16,11.062,-0.0192,0.508,-0.152,0.1226,0.083,0.2964,-1.0023,0.035,-0.8074,-0.1556
21.100000381469727,633,0.0705,18.039,0.165,11.085,-0.0192,0.4936,-0.1696,-0.0604,0.0239,0.1526,-1.0403,0.0308,-0.8597,-0.1521
21.133333206176758,634,0.0315,18.0555,0.085,10.976,-0.0016,0.4752,-0.1728,0.1427,0.4315,0.2752,-0.9359,0.0283,-0.8304,-0.1727
21.16666603088379,635,-0.0165,17.9175,-0.032,11.078,-0.008,0.4784,-0.168,0.0155,-0.2193,0.1167,-1.2035,0.0373,-0.893,-0.1521
21.200000762939453,636,0.0645,17.994,-0.023,11.127,0.004,0.4856,-0.2048,-0.0149,0.6679,0.0323,-0.7774,0.0467,-0.8144,-0.1712
21.233333587646484,637,0.0375,17.802,-0.025,11.066,-0.0048,0.4744,-0.2176,-0.1382,1.1721,-0.0143,-0.5004,0.0648,-0.7531,-0.1824
21.266666412353516,638,-0.0405,17.6865,-0.015,10.978,-0.008,0.4576,-0.2264,0.0913,-0.3809,0.1505,-1.305,0.0535,-0.9132,-0.1757
21.299999237060547,639,-0.072,17.718,-0.011,11.167,-0.004,0.4656,-0.1992,-0.1046,-0.3147,0.0529,-1.3542,0.0495,-0.9139,-0.1875
21.33333396911621,640,-0.105,17.772,0.018,11.146,-0.0128,0.488,-0.2136,-0.1733,0.8801,0.0669,-0.8039,0.0393,-0.7969,-0.1883
21.366666793823242,641,-0.1245,17.595,0.07,11.178,-0.0136,0.5392,-0.244,-0.1093,0.5834,0.1695,-0.7187,0.0325,-0.7785,-0.1937
21.399999618530273,642,-0.0585,17.5695,0.097,11.29,0.0072,0.5416,-0.2248,-0.2241,0.8553,0.1341,-0.7558,0.0527,-0.7839,-0.2089
21.433332443237305,643,-0.0435,17.4885,0.148,11.358,0.0088,0.5352,-0.2296,-0.1738,0.1632,0.1211,-1.073,0.0443,-0.8353,-0.2226
21.46666717529297,644,-0.078,17.6115,0.068,11.338,0.0008,0.5376,-0.2328,-0.0612,0.2191,0.1525,-0.9476,0.0306,-0.7981,-0.2026
21.5,645,-0.042,17.577,0.081,11.421,0.0104,0.5824,-0.2456,-0.076,1.429,0.1638,-0.3743,0.0222,-0.6944,-0.2242
21.53333282470703,646,-0.036,17.355,0.111,11.293,-0.0128,0.5656,-0.2528,-0.0461,1.2291,0.1708,-0.6564,0.041,-0.7395,-0.2023
21.566667556762695,647,-0.0285,17.1885,0.099,11.446,-0.0256,0.5976,-0.236,-0.2378,1.616,0.033,-0.3256,0.0655,-0.6569,-0.1868
21.600000381469727,648,-0.012,17.0955,0.108,11.402,0.0016,0.58,-0.236,-0.1869,0.8272,0.072,-0.7414,0.0432,-0.7182,-0.1825
21.633333206176758,649,-0.015,16.809,0.148,11.342,-0.0736,0.5464,-0.2184,-0.1208,-0.1882,0.0735,-1.1936,-0.0045,-0.8155,-0.1742
21.66666603088379,650,-0.039,16.7715,0.109,11.314,-0.068,0.5328,-0.2488,-0.0076,0.5536,0.2188,-0.7252,-0.0402,-0.7458,-0.214
21.700000762939453,651,-0.0315,16.626,0.138,11.301,-0.0904,0.568,-0.2288,0.0942,0.5244,0.3231,-0.8371,-0.044,-0.7616,-0.2306
21.733333587646484,652,-0.0555,16.7415,0.022,11.402,-0.0736,0.5672,-0.208,0.0275,2.7404,0.2474,0.1762,-0.0419,-0.5161,-0.2355
21.766666412353516,653,-0.078,16.3545,-0.017,11.404,-0.0864,0.5824,-0.2352,0.2048,0.0484,0.2971,-0.8841,-0.0489,-0.7483,-0.2245
21.799999237060547,654,0.012,16.5015,0.066,11.628,-0.0784,0.524,-0.2368,0.1129,0.7199,0.2259,-0.575,-0.0488,-0.7412,-0.2485
21.83333396911621,655,-0.0465,16.338,0.04,11.87,-0.0704,0.5632,-0.208,-0.1339,0.6937,-0.021,-0.1568,-0.0413,-0.6552,-0.2365
21.866666793823242,656,-0.087,16.158,0.067,12.098,-0.0688,0.5496,-0.2768,-0.1441,0.505,0.049,-0.0177,-0.0219,-0.6973,-0.2093
21.899999618530273,657,-0.1575,16.3095,0.061,12.277,-0.0808,0.5688,-0.256,0.0923,1.5502,0.3583,0.5787,-0.0381,-0.5931,-0.2801
21.933332443237305,658,-0.078,15.864,0.135,12.412,-0.1056,0.604,-0.2624,-0.1676,0.8632,0.1293,0.39,-0.0565,-0.6402,-0.2376
21.96666717529297,659,-0.0945,16.0275,0.091,12.419,-0.0672,0.5944,-0.2616,-0.2375,1.1487,0.0195,0.4046,-0.0382,-0.5872,-0.2493
22.0,660,-0.0525,15.927,0.125,12.493,-0.0672,0.6176,-0.2616,-0.1338,0.7802,0.1041,0.374,-0.0263,-0.5982,-0.2027
22.03333282470703,661,-0.0195,15.7455,0.158,12.557,-0.0944,0.6288,-0.2424,-0.2155,0.4092,0.0368,-0.0412,-0.0328,-0.6674,-0.1842
22.066667556762695,662,-0.063,15.756,0.143,12.544,-0.052,0.592,-0.2256,-0.0211,0.7115,0.2162,0.1586,-0.0348,-0.6624,-0.2158
22.100000381469727,663,-0.0195,15.798,0.146,12.361,-0.056,0.5016,-0.2176,-0.1228,1.5134,0.174,0.2203,-0.0131,-0.7397,-0.2113
22.133333206176758,664,-0.018,15.45,0.177,12.42,-0.064,0.5648,-0.2128,-0.0337,1.1232,0.2438,0.0163,-0.0098,-0.7063,-0.2177
22.16666603088379,665,0.009,15.483,0.189,12.463,-0.048,0.4848,-0.2128,-0.1777,1.2385,0.0623,0.4091,-0.0301,-0.6927,-0.2193
22.200000762939453,666,-0.006,15.408,0.17,12.568,-0.0584,0.5824,-0.2264,-0.1151,0.8459,0.1395,0.2797,-0.038,-0.5903,-0.1881
22.233333587646484,667,-0.0165,15.282,0.184,12.607,-0.0432,0.5072,-0.2304,-0.0435,0.6383,0.2332,0.0566,-0.0211,-0.6829,-0.1956
22.266666412353516,668,0.0225,15.075,0.202,12.573,-0.0528,0.5456,-0.236,-0.0662,0.5626,0.1583,0.2625,-0.005,-0.6546,-0.2134
22.299999237060547,669,0.0435,15.144,0.215,12.416,-0.0568,0.4856,-0.2328,-0.0036,0.5334,0.2362,-0.194,-0.01,-0.7871,-0.2186
22.33333396911621,670,0.054,15.132,0.213,12.505,-0.048,0.5496,-0.2344,0.0901,0.9647,0.335,0.4661,-0.0172,-0.5718,-0.2341
22.366666793823242,671,0.009,15.111,0.207,12.546,-0.072,0.4864,-0.2328,-0.075,0.636,0.1339,0.4298,-0.0143,-0.627,-0.1849
22.399999618530273,672,0.084,15.0615,0.213,12.494,-0.0424,0.4424,-0.212,0.1166,0.2115,0.3043,-0.0721,-0.0367,-0.7545,-0.1981
22.433332443237305,673,0.0675,15.0225,0.217,12.532,-0.0144,0.44,-0.216,0.1598,0.0704,0.3727,0.0408,-0.0133,-0.7413,-0.2167
22.46666717529297,674,0.051,14.886,0.224,12.424,-0.0528,0.484,-0.1984,0.0741,0.2139,0.2674,0.0996,-0.0064,-0.7181,-0.2022
22.5,675,0.093,14.8005,0.231,12.336,-0.032,0.4664,-0.2032,0.106,-0.035,0.3228,-0.082,-0.035,-0.7145,-0.208
22.53333282470703,676,0.066,14.736,0.224,12.455,-0.0416,0.4872,-0.1992,0.0767,0.1467,0.3067,0.25,-0.0052,-0.6627,-0.1823
22.566667556762695,677,0.0945,14.787,0.232,12.439,-0.0424,0.4488,-0.1888,0.0025,-0.1263,0.2372,-0.1575,0.0136,-0.7538,-0.1681
22.600000381469727,678,0.0945,14.7555,0.247,12.508,-0.0216,0.4216,-0.2184,0.1782,-0.1983,0.3515,-0.0634,-0.008,-0.7637,-0.2224
22.633333206176758,679,0.0735,14.709,0.265,12.586,-0.056,0.4728,-0.1944,-0.032,-0.1266,0.2044,0.0835,-0.0176,-0.6926,-0.1823
22.66666603088379,680,0.081,14.697,0.262,12.669,-0.0408,0.4608,-0.2008,-0.044,-0.4085,0.1826,-0.1785,-0.0045,-0.7884,-0.1739
22.700000762939453,681,0.147,14.7825,0.325,12.701,-0.0568,0.4456,-0.2176,0.0708,-0.2626,0.3006,-0.0019,-0.0261,-0.743,-0.1674
22.733333587646484,682,0.0705,14.8005,0.29,12.787,-0.024,0.456,-0.1944,0.0383,-0.3234,0.2849,-0.0464,-0.0224,-0.7586,-0.1803
22.766666412353516,683,0.123,14.697,0.308,12.637,-0.0392,0.4592,-0.2208,0.0823,-0.2569,0.3106,0.0916,-0.0028,-0.7283,-0.1666
22.799999237060547,684,0.1095,14.5455,0.297,12.596,-0.0328,0.412,-0.2128,0.1802,-0.2633,0.4294,0.1258,-0.0112,-0.6981,-0.2052
22.83333396911621,685,0.126,14.6775,0.313,12.679,-0.0304,0.436,-0.18,0.1252,-0.1912,0.369,0.1582,-0.0212,-0.7578,-0.1869
22.866666793823242,686,0.12,14.6385,0.304,12.553,-0.0216,0.3864,-0.1808,0.0873,-0.2299,0.3051,0.1227,0.0,-0.7538,-0.1675
22.899999618530273,687,0.099,14.664,0.297,12.726,-0.0232,0.4032,-0.2144,0.1807,-0.3942,0.419,0.0316,0.0081,-0.7469,-0.203
22.933332443237305,688,0.0975,14.502,0.29,12.633,-0.0312,0.4464,-0.2136,0.2095,-0.2525,0.4233,0.1453,0.0103,-0.7566,-0.1839
22.96666717529297,689,0.102,14.424,0.282,12.555,-0.0224,0.412,-0.2128,0.1294,-0.2879,0.3856,0.1868,0.0036,-0.7322,-0.2069
23.0,690,0.1215,14.469,0.325,12.647,-0.028,0.4048,-0.2096,-0.1538,-0.2808,0.1357,0.0606,0.0016,-0.7505,-0.1614
23.03333282470703,691,0.084,14.4615,0.328,12.624,-0.0352,0.42,-0.2088,-0.1251,-0.539,0.1425,-0.0025,0.0036,-0.7571,-0.1429
23.066667556762695,692,0.102,14.313,0.33,12.631,-0.0272,0.3912,-0.1872,0.1171,-0.5376,0.3671,0.0579,0.0007,-0.7629,-0.193
23.100000381469727,693,0.1035,14.235,0.316,12.596,-0.036,0.4168,-0.1896,0.3337,-0.7389,0.5234,0.0147,-0.0075,-0.7448,-0.2121
23.133333206176758,694,0.099,14.2245,0.3,12.624,-0.0184,0.4552,-0.2072,0.2803,-0.8781,0.485,-0.0904,0.0056,-0.7648,-0.2124
23.16666603088379,695,0.108,13.947,0.312,12.517,-0.0288,0.4432,-0.1896,-0.1669,-0.6637,0.0952,0.0103,0.0095,-0.6922,-0.1482
23.200000762939453,696,0.117,14.3415,0.343,12.774,-0.0064,0.4784,-0.2224,0.1759,-0.2953,0.3939,0.3027,0.0174,-0.6572,-0.1934
23.233333587646484,697,0.1725,13.92,0.31,12.509,-0.0336,0.4544,-0.2032,0.2617,-0.7753,0.4679,0.1047,-0.0039,-0.6649,-0.2235
23.266666412353516,698,0.204,13.8195,0.375,12.438,-0.02,0.5064,-0.2304,0.2029,-1.0403,0.4113,0.028,0.0015,-0.6486,-0.2086
23.299999237060547,699,0.258,14.0985,0.342,12.513,-0.0288,0.4688,-0.2256,0.2696,-0.7218,0.355,0.0675,0.0126,-0.6487,-0.1874
23.33333396911621,700,0.282,14.298,0.345,12.574,-0.024,0.5072,-0.2168,0.3344,-0.7857,0.4437,-0.1105,0.0093,-0.6657,-0.2444
23.366666793823242,701,0.2715,14.1105,0.381,12.542,-0.028,0.4912,-0.2048,0.2667,-0.6023,0.4128,0.0966,-0.0086,-0.6617,-0.2106
23.399999618530273,702,0.267,14.1375,0.387,12.48,-0.0232,0.4928,-0.2136,0.3682,-0.7778,0.5286,-0.0569,-0.0006,-0.6639,-0.2125
23.433332443237305,703,0.261,14.391,0.383,12.605,-0.0232,0.504,-0.2176,0.1866,-0.6577,0.3581,0.1039,0.0006,-0.6335,-0.198
23.46666717529297,704,0.2895,14.1255,0.419,12.485,-0.012,0.5264,-0.1944,0.2096,-0.7125,0.3753,0.0112,0.0071,-0.6433,-0.1866
23.5,705,0.2535,14.3085,0.405,12.612,-0.02,0.5224,-0.2216,0.3135,-0.9397,0.4852,-0.0581,0.0154,-0.6528,-0.1853
23.53333282470703,706,0.2475,14.46,0.429,12.568,-0.0256,0.5184,-0.2096,0.2434,-0.5425,0.4229,0.0531,0.0295,-0.6403,-0.1827
23.566667556762695,707,0.2325,14.301,0.369,12.429,-0.0304,0.5104,-0.204,0.2707,-0.9931,0.4778,-0.1204,-0.0102,-0.6376,-0.206
23.600000381469727,708,0.243,14.289,0.38,12.495,-0.0008,0.5624,-0.2128,0.0532,-0.7592,0.2774,-0.0887,0.0017,-0.6285,-0.1745
23.633333206176758,709,0.246,14.5275,0.366,12.518,-0.0216,0.5256,-0.22,0.1591,-0.5649,0.3466,0.034,0.0199,-0.6032,-0.1779
23.66666603088379,710,0.249,14.256,0.419,12.369,-0.016,0.544,-0.1936,0.3539,-0.8028,0.5468,-0.0236,0.0262,-0.6001,-0.2145
23.700000762939453,711,0.2415,14.1525,0.417,12.401,-0.012,0.532,-0.2168,0.1961,-0.8275,0.4391,0.0264,-0.0021,-0.586,-0.1919
23.733333587646484,712,0.309,14.259,0.511,12.413,-0.0208,0.5488,-0.2128,0.4067,-0.839,0.6798,-0.1065,0.0252,-0.5953,-0.2061
23.766666412353516,713,0.2175,14.4075,0.479,12.465,-0.0232,0.5456,-0.2104,0.4424,-0.3763,0.7548,0.1148,0.0137,-0.5686,-0.2221
23.799999237060547,714,0.24,14.3475,0.496,12.455,-0.0288,0.5712,-0.204,0.3315,-0.8297,0.6088,-0.086,0.0137,-0.5997,-0.1993
23.83333396911621,715,0.288,14.2155,0.54,12.399,-0.0112,0.5632,-0.2136,0.3204,-1.2352,0.6416,-0.1434,0.0159,-0.5787,-0.1964
23.866666793823242,716,0.2865,14.562,0.584,12.441,-0.016,0.5616,-0.1912,0.0882,-0.8437,0.4685,-0.0937,0.0108,-0.5543,-0.1852
23.899999618530273,717,0.324,14.313,0.581,12.402,-0.0288,0.6064,-0.2232,0.2131,-0.844,0.5355,-0.0101,0.0025,-0.5547,-0.1773
23.933332443237305,718,0.4455,14.6295,0.665,12.566,-0.012,0.5872,-0.2048,0.482,-0.9831,0.8086,-0.0545,0.0115,-0.5308,-0.2083
23.96666717529297,719,0.4725,14.547,0.678,12.425,-0.0208,0.596,-0.2048,0.3042,-0.8057,0.5704,-0.0779,0.0089,-0.5532,-0.1734
24.0,720,0.5355,14.475,0.707,12.45,-0.0088,0.6016,-0.224,0.5577,-0.92,0.7518,-0.0128,0.003,-0.5383,-0.2125
24.03333282470703,721,0.615,14.739,0.728,12.501,-0.0168,0.616,-0.232,0.475,-0.8966,0.6562,-0.0468,-0.002,-0.5389,-0.2094
24.066667556762695,722,0.639,14.1765,0.772,12.307,-0.0096,0.5968,-0.2248,0.5492,-1.0998,0.7401,-0.1155,0.0227,-0.5172,-0.1733
24.100000381469727,723,0.7005,14.562,0.802,12.436,0.0392,0.6184,-0.2496,0.7103,-1.2304,0.8694,-0.1705,0.0401,-0.5436,-0.2298
24.133333206176758,724,0.7485,14.7525,0.85,12.49,0.0352,0.5784,-0.2416,0.6756,-1.0888,0.7774,-0.1658,0.0893,-0.5628,-0.204
24.16666603088379,725,0.753,14.433,0.846,12.355,0.0688,0.616,-0.2448,0.8045,-1.2315,0.9732,-0.1742,0.0828,-0.5442,-0.2598
24.200000762939453,726,0.732,14.6175,0.803,12.421,0.0648,0.6136,-0.2424,0.865,-1.2111,1.0076,-0.2491,0.0812,-0.5591,-0.2314
24.233333587646484,727,0.723,14.745,0.821,12.521,0.0656,0.5968,-0.2792,0.87,-0.9151,0.9549,-0.0368,0.0959,-0.5412,-0.2548
24.266666412353516,728,0.774,14.6505,0.831,12.422,0.0632,0.6,-0.2704,0.6852,-0.9644,0.8533,-0.0985,0.0822,-0.539,-0.2352
24.299999237060547,729,0.756,14.4645,0.824,12.329,0.0568,0.6024,-0.2688,0.7201,-0.5748,0.9165,0.2057,0.1011,-0.4821,-0.2555
24.33333396911621,730,0.7695,14.526,0.848,12.34,0.06,0.6008,-0.2664,0.6993,-1.0317,0.8393,-0.0408,0.1007,-0.4974,-0.2526
24.366666793823242,731,0.7575,14.688,0.861,12.4,0.104,0.58,-0.2896,0.8373,-1.1025,0.9979,-0.2051,0.1006,-0.5292,-0.2555
24.399999618530273,732,0.753,14.7465,0.83,12.406,0.124,0.616,-0.2728,0.9016,-1.0059,1.0262,-0.1593,0.1244,-0.5564,-0.2541
24.433332443237305,733,0.7515,14.799,0.83,12.337,0.0928,0.5752,-0.2784,0.7762,-0.9467,0.8699,-0.1234,0.1233,-0.5413,-0.2986
24.46666717529297,734,0.816,14.5305,0.825,12.277,0.116,0.624,-0.2896,0.7478,-1.1826,0.846,-0.1859,0.1328,-0.53,-0.2495
24.5,735,0.7695,14.961,0.781,12.467,0.096,0.632,-0.2592,0.881,-0.9655,0.9236,-0.1921,0.1111,-0.563,-0.2601
24.53333282470703,736,0.7245,14.8275,0.76,12.407,0.128,0.6088,-0.2448,0.7009,-1.0914,0.7943,-0.2135,0.1397,-0.554,-0.2651
24.566667556762695,737,0.699,14.8755,0.78,12.383,0.1416,0.6368,-0.3712,0.5965,-0.8805,0.7479,-0.1576,0.2096,-0.5139,-0.3752
24.600000381469727,738,0.708,14.838,0.785,12.357,0.1112,0.592,-0.2192,0.7551,-0.7592,0.9026,-0.0728,0.1603,-0.5034,-0.2114
24.633333206176758,739,0.72,14.76,0.794,12.356,0.1464,0.656,-0.256,0.8078,-0.8645,0.9544,-0.0612,0.1587,-0.4925,-0.2801
24.66666603088379,740,0.7365,14.772,0.808,12.345,0.112,0.6376,-0.232,0.6522,-0.9061,0.7775,-0.0665,0.2312,-0.4815,-0.2162
24.700000762939453,741,0.7395,14.7855,0.746,12.327,0.1768,0.6408,-0.2144,0.9015,-0.9282,0.9899,-0.0872,0.1577,-0.471,-0.2615
24.733333587646484,742,0.717,14.8695,0.739,12.352,0.1808,0.668,-0.2328,0.6926,-0.8204,0.7911,-0.1142,0.2069,-0.4603,-0.2197
24.766666412353516,743,0.8175,14.766,0.841,12.409,0.1792,0.6768,-0.2752,0.7022,-0.9709,0.8206,-0.1765,0.2425,-0.4679,-0.2421
24.799999237060547,744,0.9225,14.82,0.975,12.459,0.2464,0.6808,-0.3208,0.9719,-0.8441,1.0217,0.0541,0.2559,-0.4168,-0.2998
24.83333396911621,745,0.9855,14.706,1.04,12.457,0.2312,0.7232,-0.312,0.7981,-1.0738,0.9287,-0.0487,0.2527,-0.4386,-0.2992
24.866666793823242,746,0.9435,14.682,1.014,12.621,0.196,0.7592,-0.3008,0.9777,-0.9437,1.107,0.2303,0.2184,-0.3749,-0.2838
24.899999618530273,747,0.9225,14.6085,1.004,12.644,0.248,0.7768,-0.2704,0.9502,-0.9731,1.0709,0.3074,0.2444,-0.3722,-0.2412
24.933332443237305,748,0.921,14.5545,0.977,12.698,0.2184,0.8032,-0.2472,0.8457,-1.1348,0.9427,0.2407,0.2247,-0.3331,-0.2056
24.96666717529297,749,0.978,14.583,1.012,12.73,0.2192,0.784,-0.2512,0.8617,-1.1185,0.9748,0.1799,0.2446,-0.3501,-0.2226
25.0,750,0.978,14.61,1.01,12.768,0.2296,0.7976,-0.2488,0.8392,-1.2182,0.9692,0.2758,0.2466,-0.3549,-0.1962
25.03333282470703,751,0.9975,14.6475,1.046,12.777,0.252,0.8192,-0.2544,0.9264,-1.128,1.0466,0.3242,0.2586,-0.3331,-0.2246
25.066667556762695,752,1.0035,14.6925,1.043,12.837,0.2456,0.836,-0.244,0.9056,-0.9711,1.0206,0.4218,0.2906,-0.3011,-0.2418
25.100000381469727,753,1.0995,14.7615,1.137,12.944,0.2472,0.8376,-0.2712,1.1518,-0.9672,1.2795,0.4235,0.2773,-0.3056,-0.2783
25.133333206176758,754,1.0365,14.997,1.071,13.06,0.2312,0.8488,-0.3272,1.2008,-0.6908,1.2568,0.6483,0.2833,-0.267,-0.3227
25.16666603088379,755,1.1265,15.039,1.221,13.097,0.244,0.872,-0.3552,1.126,-0.6291,1.2402,0.6019,0.2752,-0.261,-0.3231
25.200000762939453,756,0.9705,15.219,0.964,13.136,0.2512,0.9024,-0.3168,1.033,-0.4479,1.0751,0.726,0.2763,-0.2629,-0.2999
25.233333587646484,757,1.206,15.2295,1.198,13.297,0.2416,0.8888,-0.368,1.214,-0.3879,1.216,0.848,0.2614,-0.2434,-0.3313
25.266666412353516,758,1.1415,15.231,1.147,13.25,0.2384,0.9008,-0.3432,1.1567,-0.4255,1.1675,0.8471,0.2825,-0.231,-0.3715
25.299999237060547,759,1.14,15.129,1.113,13.254,0.2616,0.9016,-0.376,1.2528,-0.591,1.2638,0.7735,0.2895,-0.2268,-0.374
25.33333396911621,760,1.221,15.1155,1.234,13.317,0.2464,0.9032,-0.3904,1.1856,-0.7391,1.2311,0.8187,0.2631,-0.2081,-0.3967
25.366666793823242,761,1.188,15.0465,1.163,13.315,0.2344,0.9504,-0.3872,1.1013,-0.5481,1.1194,0.9303,0.2885,-0.1908,-0.3764
25.399999618530273,762,1.248,15.0195,1.167,13.328,0.2456,0.96,-0.4056,1.209,-0.5891,1.2304,0.8816,0.2932,-0.1693,-0.3917
25.433332443237305,763,1.173,14.877,1.124,13.329,0.2328,0.9512,-0.3896,1.1657,-0.7874,1.205,0.7479,0.2693,-0.218,-0.3634
25.46666717529297,764,1.1415,15.3555,1.138,13.413,0.2424,0.9424,-0.4104,1.1099,-0.1761,1.1537,1.1219,0.2606,-0.1614,-0.3906
25.5,765,1.1475,14.823,1.142,13.283,0.252,0.9504,-0.3728,1.1754,-0.7647,1.2377,0.7459,0.2786,-0.1786,-0.4123
25.53333282470703,766,1.125,14.88,1.148,13.193,0.236,0.9584,-0.372,1.0706,-0.8483,1.1235,0.6849,0.2759,-0.1741,-0.3586
25.566667556762695,767,1.1385,14.9955,1.13,13.389,0.2544,0.9912,-0.4024,1.0556,-0.8435,1.1488,0.8403,0.2808,-0.1566,-0.3859
25.600000381469727,768,1.1265,15.015,1.125,13.472,0.24,1.0352,-0.408,1.2683,-0.6792,1.2843,1.0837,0.2769,-0.1005,-0.4297
25.633333206176758,769,1.146,14.901,1.147,13.475,0.2528,1.064,-0.4144,1.0173,-0.8457,1.098,1.045,0.2791,-0.0541,-0.3786
25.66666603088379,770,1.107,15.117,1.139,13.669,0.2664,1.0992,-0.4064,1.0422,-0.4829,1.1287,1.2968,0.3079,-0.0007,-0.3749
25.700000762939453,771,1.1265,15.0495,1.107,13.702,0.2768,1.1408,-0.4152,1.0565,-0.3643,1.1568,1.453,0.3271,0.0272,-0.4134
25.733333587646484,772,1.113,15.2085,1.12,13.713,0.2976,1.1496,-0.4008,1.143,0.1225,1.2027,1.605,0.3328,0.0888,-0.41
25.766666412353516,773,1.1265,15.1275,1.086,13.595,0.2928,1.1264,-0.4008,1.1024,-0.4568,1.1572,1.3087,0.3362,0.0451,-0.4027
25.799999237060547,774,1.1385,15.093,1.103,13.72,0.2768,1.1408,-0.3968,1.1397,-0.8073,1.1729,1.0846,0.3155,-0.0239,-0.3976
25.83333396911621,775,1.128,15.0615,1.102,13.659,0.2752,1.1328,-0.3992,1.0699,-0.6868,1.1124,1.1953,0.3391,-0.009,-0.3821
25.866666793823242,776,1.1145,15.2205,1.091,13.661,0.2768,1.1328,-0.4144,1.0846,-0.4483,1.1393,1.2919,0.305,0.0301,-0.4188
25.899999618530273,777,1.1655,15.111,1.092,13.811,0.2776,1.1616,-0.4112,1.3835,-0.8846,1.3781,1.1851,0.2967,-0.0181,-0.4516
25.933332443237305,778,1.131,15.399,1.08,13.752,0.2792,1.1904,-0.4344,1.1141,-0.1014,1.1448,1.4202,0.2781,0.0591,-0.4338
25.96666717529297,779,1.101,15.045,1.062,13.883,0.2864,1.224,-0.4232,1.1326,-0.9756,1.1747,1.3045,0.3231,0.0482,-0.4149
26.0,780,1.116,15.2955,1.101,13.783,0.2576,1.1912,-0.4272,1.2291,-0.7363,1.2546,1.4563,0.2864,0.1003,-0.4242
26.03333282470703,781,1.1085,15.1215,1.123,13.83,0.272,1.176,-0.4696,1.1883,-1.1666,1.2489,1.2597,0.296,0.0316,-0.4462
26.066667556762695,782,1.089,15.3135,1.088,13.709,0.2528,1.1888,-0.432,0.9913,-0.6867,1.102,1.4656,0.3028,0.0834,-0.4158
26.100000381469727,783,1.1175,15.4095,1.104,13.921,0.2592,1.2096,-0.436,1.0026,-0.4201,1.1289,1.5237,0.3086,0.0903,-0.3957
26.133333206176758,784,1.104,15.4725,1.108,13.75,0.2648,1.2064,-0.456,1.1434,-0.8218,1.2322,1.3478,0.2877,0.1083,-0.4586
26.16666603088379,785,1.1235,15.3075,1.136,13.934,0.2728,1.2144,-0.4432,1.1019,-1.0411,1.2145,1.2816,0.2887,0.0418,-0.4571
26.200000762939453,786,1.128,15.378,1.148,13.852,0.2552,1.232,-0.4784,1.1874,-1.313,1.2922,1.1709,0.2842,0.0245,-0.4727
26.233333587646484,787,1.1625,15.4095,1.169,13.883,0.2456,1.2624,-0.4688,1.0586,-0.7451,1.218,1.3339,0.2673,0.0938,-0.4525
26.266666412353516,788,1.1505,15.5775,1.19,13.873,0.248,1.2512,-0.4784,1.1647,-0.5051,1.2567,1.5592,0.2788,0.1331,-0.4822
26.299999237060547,789,1.1505,15.597,1.161,13.879,0.2304,1.2248,-0.4448,1.2332,-0.8133,1.3093,1.4014,0.2683,0.0879,-0.4429
26.33333396911621,790,1.131,15.6555,1.154,13.918,0.2424,1.2384,-0.4552,1.0657,-0.7533,1.1675,1.3672,0.2837,0.0834,-0.4516
26.366666793823242,791,1.161,15.84,1.163,13.93,0.2488,1.244,-0.476,1.2328,-0.4775,1.2729,1.6478,0.2699,0.1281,-0.4601
26.399999618530273,792,1.1745,15.6645,1.204,13.937,0.236,1.2664,-0.4808,1.0408,-1.2628,1.1323,1.2875,0.2771,0.0885,-0.4651
26.433332443237305,793,1.1295,15.8475,1.165,14.051,0.2344,1.2952,-0.4792,1.0326,-0.9188,1.1544,1.3464,0.2702,0.1204,-0.4593
26.46666717529297,794,1.1745,15.6975,1.202,13.939,0.2248,1.2624,-0.4776,1.106,-1.5825,1.2321,1.0328,0.2732,0.0694,-0.4812
26.5,795,1.1385,15.729,1.186,13.893,0.2168,1.2088,-0.5056,1.1657,-1.2707,1.2802,1.1283,0.2819,0.0707,-0.4844
26.53333282470703,796,1.119,16.2525,1.174,13.907,0.2272,1.2512,-0.484,0.9696,0.2551,1.171,1.8019,0.2823,0.1428,-0.4691
26.566667556762695,797,1.1655,16.2855,1.209,13.977,0.2352,1.2584,-0.4976,1.1644,-0.958,1.2819,1.29,0.2629,0.1058,-0.4896
26.600000381469727,798,1.1145,15.9345,1.152,13.893,0.232,1.28,-0.4912,1.2269,-0.9978,1.3431,1.3777,0.265,0.1345,-0.524
26.633333206176758,799,1.176,15.9375,1.218,13.989,0.2352,1.2896,-0.512,1.1725,-1.0189,1.2995,1.4579,0.2529,0.1458,-0.5036
26.66666603088379,800,1.1625,16.0545,1.201,14.089,0.2256,1.3024,-0.496,1.1068,-1.2007,1.1874,1.4048,0.2375,0.1099,-0.4873
26.700000762939453,801,1.182,16.05,1.188,13.895,0.252,1.2632,-0.5056,1.3245,-0.1158,1.3872,1.9153,0.2609,0.2195,-0.5252
26.733333587646484,802,1.1895,16.236,1.158,13.858,0.2336,1.2656,-0.5208,1.1182,-0.5151,1.2108,1.588,0.2638,0.1795,-0.5161
26.766666412353516,803,1.1895,16.5105,1.174,13.843,0.2256,1.2312,-0.4976,1.2291,0.1536,1.3078,1.6555,0.2685,0.1566,-0.5272
26.799999237060547,804,1.1865,16.293,1.187,13.884,0.24,1.248,-0.5272,1.1885,-1.0472,1.258,1.3599,0.2599,0.1151,-0.5438
26.83333396911621,805,1.209,15.981,1.225,13.971,0.2272,1.2728,-0.5384,1.3552,-1.2846,1.4377,1.307,0.2695,0.1382,-0.5671
26.866666793823242,806,1.2465,16.212,1.21,13.854,0.2176,1.2736,-0.5608,1.1068,-0.9599,1.2278,1.3825,0.2388,0.1515,-0.5172
26.899999618530273,807,1.2495,16.5675,1.23,13.886,0.2392,1.2608,-0.5504,0.9942,-0.1284,1.1274,1.6898,0.2792,0.1401,-0.5218
26.933332443237305,808,1.23,16.7745,1.223,13.834,0.236,1.2352,-0.572,1.284,-0.2088,1.3545,1.566,0.2758,0.1531,-0.5735
26.96666717529297,809,1.182,16.7505,1.223,13.815,0.2384,1.276,-0.5608,1.0569,-0.9882,1.1875,1.227,0.2642,0.1496,-0.5735
27.0,810,1.2255,16.4835,1.27,13.874,0.248,1.2936,-0.596,1.2334,-0.6193,1.3837,1.4456,0.2632,0.1682,-0.5745
27.03333282470703,811,1.224,16.695,1.27,13.897,0.2408,1.2848,-0.6216,1.3896,-1.1331,1.5417,1.249,0.2863,0.1151,-0.6105
27.066667556762695,812,1.2525,16.6155,1.288,13.914,0.2392,1.2864,-0.6216,1.1859,-0.6331,1.345,1.6917,0.2817,0.1923,-0.6279
27.100000381469727,813,1.305,16.1535,1.299,14.107,0.2432,1.46,-0.6424,1.5525,-2.9326,1.6107,1.2123,0.256,0.3111,-0.6977
27.133333206176758,814,1.299,15.396,1.294,14.398,0.2368,1.696,-0.6824,1.3347,-2.4946,1.4146,1.9696,0.2591,0.6053,-0.6583
27.16666603088379,815,1.3005,15.1965,1.279,14.619,0.2264,1.808,-0.6416,1.3868,-2.6503,1.4635,2.2556,0.2863,0.7026,-0.6728
27.200000762939453,816,1.2555,15.2535,1.257,14.587,0.2256,1.816,-0.5992,1.369,-2.4759,1.4522,2.3285,0.2503,0.6769,-0.598
27.233333587646484,817,1.179,15.3825,1.168,14.537,0.2128,1.6848,-0.5624,1.2044,-2.2982,1.3775,2.0328,0.2385,0.5622,-0.558
27.266666412353516,818,1.164,15.444,1.185,14.365,0.2216,1.6416,-0.5504,1.195,-2.3104,1.3527,1.8085,0.2606,0.4811,-0.5372
27.299999237060547,819,1.137,15.585,1.159,14.315,0.1984,1.6672,-0.5304,1.3485,-2.3706,1.442,1.769,0.2277,0.4983,-0.5366
27.33333396911621,820,1.062,15.7125,1.125,14.309,0.2024,1.6272,-0.5368,1.1166,-1.9974,1.259,1.8478,0.235,0.5381,-0.5474
27.366666793823242,821,1.155,15.7995,1.166,14.284,0.2136,1.6568,-0.5432,1.1063,-2.1262,1.2652,1.756,0.2469,0.5009,-0.5396
27.399999618530273,822,1.131,15.906,1.152,14.286,0.188,1.6576,-0.4856,1.0483,-1.7525,1.1983,1.8444,0.2487,0.5259,-0.4892
27.433332443237305,823,1.023,16.077,1.11,14.254,0.1952,1.624,-0.3688,0.847,-1.861,1.0554,1.623,0.2216,0.4909,-0.3396
27.46666717529297,824,0.846,16.5285,1.085,14.219,0.1896,1.6304,-0.3976,0.81,-1.2489,1.1659,1.7329,0.2409,0.4797,-0.3887
27.5,825,0.936,17.0145,1.096,14.279,0.1568,1.6152,-0.2432,0.848,-1.0672,1.1613,1.6778,0.2122,0.5012,-0.2512
27.53333282470703,826,0.8025,17.616,0.763,14.387,0.1472,1.6632,-0.152,1.0054,-0.3009,1.0547,1.8958,0.202,0.509,-0.1926
27.566667556762695,827,0.669,17.9595,0.566,14.339,0.1312,1.6472,-0.0752,0.6325,0.4889,0.6584,1.9961,0.1612,0.5474,-0.0671
27.600000381469727,828,0.5475,18.252,0.476,14.209,0.0904,1.6504,0.0232,0.5199,0.5634,0.576,1.8135,0.1334,0.5178,-0.0182
27.633333206176758,829,0.4785,18.543,0.418,14.217,0.0904,1.644,0.072,0.4316,0.5587,0.475,1.5879,0.1065,0.5161,0.099
27.66666603088379,830,0.3735,19.035,0.314,14.199,0.072,1.652,0.1,0.2777,1.1488,0.3586,1.6405,0.1077,0.4873,0.1395
27.700000762939453,831,0.267,19.152,0.192,14.133,0.0544,1.624,0.1792,0.2412,1.3895,0.2847,1.6067,0.1016,0.512,0.1727
27.733333587646484,832,0.2265,19.6215,0.126,14.078,0.0648,1.5952,0.2456,0.2922,2.0821,0.3547,1.5832,0.1164,0.4466,0.2363
27.766666412353516,833,0.12,19.977,0.043,14.028,0.044,1.5416,0.2448,0.1203,2.1357,0.1675,1.4041,0.0902,0.3696,0.2322
27.799999237060547,834,0.111,20.031,0.055,13.991,0.0624,1.5,0.2128,0.117,2.037,0.1223,1.3409,0.1005,0.3694,0.2406
27.83333396911621,835,0.1095,20.451,0.035,14.01,0.0392,1.4936,0.192,0.1369,2.6125,0.1842,1.4761,0.1103,0.3422,0.2025
27.866666793823242,836,0.078,20.34,0.006,13.908,0.0384,1.5008,0.2152,0.0822,2.6912,0.1483,1.3959,0.0847,0.3643,0.2217
27.899999618530273,837,0.0345,20.208,-0.02,13.824,0.0416,1.5,0.1936,0.1452,2.5434,0.2195,1.3588,0.0997,0.3768,0.1624
27.933332443237305,838,0.243,19.254,0.26,13.124,0.0712,1.3024,0.076,0.1696,1.3949,0.2632,0.5085,0.1146,0.1562,0.1016
27.96666717529297,839,0.333,18.72,0.405,12.666,0.1024,1.108,-0.0072,0.3657,0.6532,0.5423,0.0282,0.1661,-0.0223,-0.0295
28.0,840,0.6555,19.0965,0.679,12.81,0.0888,1.0816,-0.1168,0.5433,0.4719,0.7393,-0.0762,0.1882,-0.0976,-0.1605
28.03333282470703,841,0.354,18.861,0.351,12.817,0.108,1.1312,0.0072,0.4669,0.1647,0.5419,-0.1247,0.1752,-0.0858,-0.0275
28.066667556762695,842,0.45,18.3585,0.367,12.81,0.1032,1.1504,-0.008,0.7915,0.2598,0.7862,0.1831,0.1124,-0.0042,-0.0728
28.100000381469727,843,0.384,18.177,0.343,12.728,0.08,1.1336,-0.0096,0.5493,-0.5308,0.5156,-0.1793,0.0987,-0.0919,-0.0576
28.133333206176758,844,0.4095,18.255,0.362,12.689,0.0664,1.0656,-0.0208,0.2699,0.8685,0.3517,0.252,0.1241,-0.0381,0.0018
28.16666603088379,845,0.3135,18.348,0.292,12.731,0.0872,1.0944,-0.052,0.181,0.2139,0.2842,-0.1518,0.1146,-0.0657,-0.0335
28.200000762939453,846,0.282,18.4695,0.218,12.641,0.0784,1.052,-0.0272,0.3248,0.777,0.3831,0.0106,0.1316,-0.0966,-0.0508
28.233333587646484,847,0.3345,18.054,0.345,12.395,0.0648,1.0848,-0.064,0.4242,-0.3764,0.4708,-0.6268,0.1399,-0.1521,-0.0483
28.266666412353516,848,0.351,18.168,0.312,12.165,0.1136,1.0784,-0.0424,0.3296,0.5689,0.4044,-0.5727,0.1481,-0.0934,-0.0668
28.299999237060547,849,0.3165,17.9505,0.316,11.984,0.136,1.0576,-0.0736,0.2945,0.5937,0.3984,-0.6963,0.2131,-0.0845,-0.0869
28.33333396911621,850,0.3765,17.409,0.431,11.793,0.1904,1.048,-0.1072,0.2965,0.0891,0.3879,-0.9643,0.2392,-0.1671,-0.0872
28.366666793823242,851,0.4845,17.142,0.568,11.778,0.2112,1.0416,-0.0912,0.4596,1.2699,0.6397,-0.5396,0.2779,-0.0671,-0.106
28.399999618530273,852,0.216,17.1495,0.371,11.902,0.2328,1.064,-0.0584,0.4047,0.3789,0.6004,-0.8166,0.2797,-0.1271,-0.0906
28.433332443237305,853,0.387,17.385,0.517,11.829,0.2512,1.0344,-0.0528,0.1513,1.4187,0.4065,-0.4042,0.3201,-0.078,-0.0253
28.46666717529297,854,0.423,17.184,0.55,11.911,0.272,1.068,-0.0744,0.4153,0.8799,0.623,-0.669,0.3323,-0.1265,-0.0337
28.5,855,0.3825,17.082,0.517,12.012,0.2552,1.0584,-0.0608,0.36,0.1872,0.574,-0.9806,0.3227,-0.1743,-0.0362
28.53333282470703,856,0.36,16.866,0.503,11.878,0.256,1.024,-0.0584,0.3388,-0.2371,0.5192,-1.1827,0.2917,-0.1765,-0.0532
28.566667556762695,857,0.435,16.9605,0.512,11.927,0.2592,1.0528,-0.0688,0.5314,1.5083,0.702,-0.4518,0.3084,-0.0727,-0.0746
28.600000381469727,858,0.39,16.653,0.531,11.821,0.268,1.0648,-0.0664,0.4471,1.8227,0.6425,-0.3237,0.3065,-0.0582,-0.0824
28.633333206176758,859,0.4155,16.104,0.513,11.787,0.2584,1.0304,-0.0936,0.3853,0.2866,0.5489,-0.9365,0.3112,-0.1651,-0.0817
28.66666603088379,860,0.639,15.828,0.656,11.849,0.248,1.0464,-0.0904,0.5362,0.3941,0.665,-0.8278,0.2963,-0.1547,-0.0801
28.700000762939453,861,0.366,16.023,0.396,11.918,0.22,1.0512,-0.08,0.3791,0.3117,0.4861,-0.9429,0.2675,-0.1658,-0.0676
28.733333587646484,862,0.5085,16.0965,0.582,11.953,0.2128,1.0424,-0.124,0.5286,-0.0279,0.6575,-0.9401,0.2828,-0.1621,-0.1029
28.766666412353516,863,0.5415,16.449,0.584,12.043,0.2304,1.0456,-0.0856,0.5152,0.9074,0.6428,-0.6048,0.2921,-0.1317,-0.074
28.799999237060547,864,0.4635,16.3875,0.509,12.078,0.2104,1.0432,-0.0968,0.3403,0.9846,0.4762,-0.61,0.2709,-0.1202,-0.0884
28.83333396911621,865,0.4605,16.1385,0.511,12.027,0.2088,1.032,-0.1112,0.5478,0.5155,0.6461,-0.7682,0.2648,-0.1933,-0.1161
28.866666793823242,866,0.465,15.8955,0.526,11.976,0.1944,1.012,-0.1024,0.4213,0.3143,0.5395,-0.7856,0.2619,-0.1605,-0.0939
28.899999618530273,867,0.471,16.1685,0.523,12.274,0.1888,1.032,-0.136,0.6808,0.2711,0.7924,-0.5913,0.252,-0.1583,-0.1648
28.933332443237305,868,0.384,16.0275,0.479,12.087,0.2016,1.0272,-0.0888,0.5288,0.2324,0.6366,-0.6934,0.2392,-0.1793,-0.1161
28.96666717529297,869,0.465,15.996,0.537,12.11,0.1904,1.02,-0.124,0.5355,0.1016,0.6048,-0.6748,0.2765,-0.1833,-0.1164
29.0,870,0.441,15.99,0.509,12.149,0.2072,0.9832,-0.1112,0.3583,0.0564,0.4897,-0.7684,0.2275,-0.233,-0.1188
29.03333282470703,871,0.42,15.9885,0.463,12.146,0.2048,0.9768,-0.12,0.2864,0.3289,0.409,-0.6024,0.2546,-0.1968,-0.1099
29.066667556762695,872,0.459,15.9465,0.488,12.161,0.204,0.9792,-0.1464,0.4269,0.0866,0.5333,-0.6553,0.2448,-0.2328,-0.1227
29.100000381469727,873,0.429,15.9525,0.499,12.174,0.2128,0.9632,-0.1872,0.4772,0.124,0.5919,-0.6075,0.2855,-0.2395,-0.1164
29.133333206176758,874,0.3795,15.8955,0.44,12.153,0.2296,0.9664,-0.0776,0.3779,0.0625,0.4811,-0.7085,0.2536,-0.2826,-0.1045
29.16666603088379,875,0.5055,15.8835,0.601,12.218,0.2184,0.8704,-0.1016,0.4448,0.0923,0.5704,-0.6253,0.2613,-0.3025,-0.1037
29.200000762939453,876,0.4035,15.9255,0.443,12.158,0.2456,0.8432,-0.0792,0.4465,-0.0028,0.5529,-0.7045,0.2928,-0.3725,-0.0864
29.233333587646484,877,0.4755,15.891,0.55,12.197,0.2448,0.8432,-0.1336,0.5546,0.0727,0.6827,-0.6238,0.3021,-0.3931,-0.1157
29.266666412353516,878,0.3825,15.831,0.477,12.144,0.232,0.7856,-0.0632,0.3921,-0.0986,0.5025,-0.778,0.3001,-0.4393,-0.0659
29.299999237060547,879,0.486,15.7605,0.554,12.174,0.232,0.7176,-0.076,0.431,-0.0801,0.5622,-0.6429,0.3097,-0.4667,-0.0845
29.33333396911621,880,0.414,15.642,0.491,12.052,0.2488,0.6816,-0.108,0.3745,-0.0141,0.5293,-0.6014,0.3128,-0.4954,-0.1095
29.366666793823242,881,0.4125,15.5835,0.536,12.058,0.2424,0.6632,-0.1192,0.5411,-0.1709,0.6599,-0.7189,0.2877,-0.5173,-0.1157
29.399999618530273,882,0.48,15.5955,0.564,12.048,0.264,0.6944,-0.1024,0.3747,-0.0502,0.5512,-0.7283,0.2927,-0.5276,-0.1039
29.433332443237305,883,0.471,15.4515,0.587,12.131,0.2448,0.6568,-0.1312,0.4733,-0.1838,0.6422,-0.6404,0.3036,-0.503,-0.0886
29.46666717529297,884,0.4905,15.1245,0.66,12.035,0.2528,0.6544,-0.1232,0.4688,-0.7175,0.6944,-0.7939,0.3203,-0.5501,-0.143
29.5,885,0.3945,15.1455,0.605,12.137,0.2488,0.6824,-0.1216,0.4425,-0.8525,0.698,-0.8103,0.2997,-0.5518,-0.1176
29.53333282470703,886,0.537,14.994,0.705,12.095,0.2384,0.6608,-0.1536,0.4195,-0.853,0.6596,-0.7334,0.2862,-0.5181,-0.1052
29.566667556762695,887,0.4845,14.673,0.701,12.051,0.24,0.6496,-0.1352,0.5628,-0.6629,0.8412,-0.5188,0.277,-0.4891,-0.1599
29.600000381469727,888,0.645,14.6205,0.771,12.086,0.232,0.7,-0.1584,0.5415,-0.9541,0.7551,-0.574,0.2922,-0.513,-0.139
29.633333206176758,889,0.651,14.7675,0.73,12.069,0.224,0.6432,-0.1464,0.5778,-0.7046,0.7402,-0.619,0.2765,-0.5166,-0.1431
29.66666603088379,890,0.7005,14.7585,0.736,11.989,0.2408,0.6784,-0.1736,0.7136,-0.8724,0.8043,-0.6364,0.2932,-0.4916,-0.1926
29.700000762939453,891,0.7605,15.2205,0.778,12.129,0.2632,0.692,-0.2224,0.7199,-0.524,0.8111,-0.5535,0.2771,-0.494,-0.2274
29.733333587646484,892,0.6885,14.934,0.74,12.07,0.2256,0.712,-0.2048,0.5289,-1.1602,0.7017,-0.7904,0.2644,-0.4931,-0.1878
29.766666412353516,893,0.774,15.1935,0.785,12.207,0.2232,0.6824,-0.2256,0.755,-0.6543,0.8722,-0.5336,0.2897,-0.508,-0.2298
29.799999237060547,894,0.807,14.901,0.82,12.038,0.2304,0.7,-0.2392,0.6973,-1.402,0.7955,-0.7804,0.2636,-0.523,-0.2067
29.83333396911621,895,0.7755,15.276,0.803,12.1,0.2248,0.6816,-0.2376,0.612,-0.6802,0.7354,-0.6164,0.2774,-0.4756,-0.2007
29.866666793823242,896,0.735,15.2445,0.753,12.123,0.2288,0.6936,-0.2344,0.5919,-0.1452,0.7152,-0.3505,0.2822,-0.4602,-0.2324
29.899999618530273,897,0.6885,15.48,0.752,12.061,0.2296,0.6816,-0.1992,0.7989,-1.1359,0.8972,-0.7722,0.2767,-0.5015,-0.2589
29.933332443237305,898,0.6705,15.2655,0.766,11.993,0.2232,0.6712,-0.2312,0.5628,-1.1009,0.7181,-0.7969,0.2714,-0.4909,-0.2263
29.96666717529297,899,0.6855,14.9655,0.744,11.967,0.2168,0.6992,-0.2296,0.7577,-1.4661,0.9053,-0.8373,0.2567,-0.4971,-0.2386
30.0,900,0.6645,15.3525,0.755,12.118,0.2304,0.7024,-0.2448,0.6522,-0.9312,0.8105,-0.6213,0.2621,-0.4876,-0.2319
30.03333282470703,901,0.6765,15.825,0.775,12.218,0.2208,0.6912,-0.2272,0.7149,-0.6343,0.8852,-0.4512,0.2525,-0.4748,-0.1973
30.066667556762695,902,0.7095,15.9645,0.754,12.162,0.1944,0.7048,-0.248,0.7596,-0.5335,0.8377,-0.5084,0.2739,-0.4377,-0.2431
30.100000381469727,903,0.786,15.6825,0.776,12.117,0.2224,0.7104,-0.256,0.6993,-1.2995,0.7551,-0.7864,0.2501,-0.5021,-0.2134
30.133333206176758,904,0.804,15.876,0.744,12.195,0.2016,0.68,-0.2208,0.9145,-0.4673,0.9001,-0.4015,0.247,-0.4554,-0.2452
30.16666603088379,905,0.8235,15.4815,0.73,12.022,0.2096,0.684,-0.1952,0.9527,-1.1377,0.9353,-0.6396,0.2339,-0.5008,-0.2274
30.200000762939453,906,0.8055,15.7125,0.809,12.168,0.1952,0.724,-0.2328,0.7457,-0.7333,0.8492,-0.5297,0.246,-0.4732,-0.1956
30.233333587646484,907,0.7275,15.729,0.773,12.187,0.2208,0.724,-0.1808,0.7788,-1.2017,0.9029,-0.707,0.2588,-0.4875,-0.2027
30.266666412353516,908,0.6885,15.6435,0.747,12.128,0.2072,0.6944,-0.196,0.7732,-1.1009,0.949,-0.6862,0.2419,-0.4873,-0.1863
30.299999237060547,909,0.723,15.777,0.768,12.321,0.192,0.7464,-0.1832,0.5481,-0.249,0.7327,-0.0792,0.2276,-0.3842,-0.1669
30.33333396911621,910,0.7395,15.4725,0.777,12.151,0.1904,0.7152,-0.1808,0.6658,-1.0131,0.7888,-0.4997,0.242,-0.457,-0.1546
30.366666793823242,911,0.7335,15.4755,0.764,12.138,0.1928,0.7248,-0.1856,0.8342,-1.1688,0.9503,-0.5698,0.2641,-0.4533,-0.1752
30.399999618530273,912,0.765,15.5595,0.796,12.216,0.1904,0.7296,-0.1592,0.7325,-1.1056,0.8461,-0.4773,0.239,-0.4468,-0.1483
30.433332443237305,913,0.768,15.609,0.804,12.222,0.196,0.7312,-0.1328,0.6813,-0.9792,0.8195,-0.504,0.2642,-0.4591,-0.1532
30.46666717529297,914,0.81,15.5025,0.823,12.161,0.2,0.7352,-0.1592,0.6668,-1.0651,0.8002,-0.4571,0.2596,-0.4449,-0.1162
30.5,915,0.7425,15.489,0.781,12.234,0.1976,0.7456,-0.1528,0.8016,-0.8563,0.9312,-0.2914,0.2479,-0.4032,-0.1658
30.53333282470703,916,0.756,15.669,0.836,12.225,0.192,0.7392,-0.144,0.9207,-0.8381,1.0446,-0.3636,0.244,-0.4534,-0.1783
30.566667556762695,917,0.7635,15.474,0.843,12.084,0.1808,0.7312,-0.1648,0.7129,-1.3368,0.8597,-0.6333,0.2384,-0.473,-0.1349
30.600000381469727,918,0.7485,15.48,0.802,12.112,0.1728,0.7272,-0.1416,0.9269,-1.4861,1.0208,-0.6409,0.2413,-0.4603,-0.1535
30.633333206176758,919,0.789,15.7545,0.777,12.195,0.2048,0.7256,-0.1752,0.9303,-1.0668,1.0192,-0.5278,0.2441,-0.4381,-0.1865
30.66666603088379,920,0.777,15.534,0.795,12.102,0.192,0.7392,-0.1504,0.6179,-1.0775,0.7412,-0.5647,0.2393,-0.4449,-0.1381
30.700000762939453,921,0.7635,15.4095,0.819,12.029,0.1632,0.732,-0.1296,0.8063,-1.0974,0.9048,-0.4676,0.2514,-0.3877,-0.1601
30.733333587646484,922,0.8415,16.0695,0.882,12.267,0.1968,0.7616,-0.184,0.9153,-0.5287,1.0384,-0.2874,0.2518,-0.3974,-0.1675
30.766666412353516,923,0.7845,15.543,0.831,12.037,0.1928,0.7376,-0.1592,0.8262,-1.0531,0.9686,-0.4936,0.2452,-0.4266,-0.167
30.799999237060547,924,0.7815,15.7575,0.823,12.08,0.1744,0.7264,-0.176,0.8665,-1.3087,0.9825,-0.6371,0.2203,-0.4454,-0.1685
30.83333396911621,925,0.804,15.705,0.832,12.106,0.1976,0.7096,-0.1712,0.7108,-1.3364,0.8538,-0.5894,0.2103,-0.4519,-0.1561
30.866666793823242,926,0.711,15.546,0.774,11.91,0.2072,0.6936,-0.1688,0.619,-1.4928,0.7712,-0.8025,0.2321,-0.4836,-0.1578
30.899999618530273,927,0.7845,15.8685,0.809,11.992,0.2016,0.724,-0.1624,0.6751,-0.9233,0.8133,-0.635,0.2187,-0.4541,-0.1542
30.933332443237305,928,0.6615,15.576,0.727,11.936,0.18,0.6904,-0.1544,0.6593,-0.9661,0.8104,-0.5691,0.2356,-0.4061,-0.187
30.96666717529297,929,0.729,15.738,0.787,11.917,0.1872,0.7288,-0.1704,0.7364,-1.9858,0.8548,-0.9813,0.2143,-0.4895,-0.1513
31.0,930,0.7605,15.9255,0.776,11.979,0.164,0.7336,-0.156,0.8153,-1.1921,0.9045,-0.7128,0.2084,-0.4552,-0.1466
31.03333282470703,931,0.747,15.6015,0.784,11.872,0.1656,0.7104,-0.16,0.7648,-1.047,0.8453,-0.6118,0.1833,-0.4399,-0.1513
31.066667556762695,932,0.708,15.798,0.725,11.913,0.1568,0.7448,-0.1504,0.839,-0.872,0.9245,-0.4955,0.2223,-0.4035,-0.1734
31.100000381469727,933,0.6945,15.693,0.723,11.907,0.14,0.7264,-0.1504,0.6122,-1.7152,0.7535,-0.8775,0.2212,-0.4502,-0.1367
31.133333206176758,934,0.69,15.8115,0.755,11.892,0.1584,0.7368,-0.1504,0.588,-1.237,0.7279,-0.7395,0.2116,-0.4519,-0.1597
31.16666603088379,935,0.669,15.8775,0.744,11.924,0.144,0.704,-0.1032,0.6629,-1.2364,0.848,-0.7569,0.1857,-0.4527,-0.1383
31.200000762939453,936,0.63,15.672,0.708,11.804,0.1296,0.7008,-0.0816,0.8883,-1.4773,1.002,-0.8199,0.1951,-0.4673,-0.1061
31.233333587646484,937,0.612,15.981,0.718,11.997,0.1232,0.72,-0.0712,0.7078,-1.497,0.8926,-0.821,0.1856,-0.4804,-0.0654
31.266666412353516,938,0.6315,15.774,0.753,11.849,0.1112,0.7288,-0.032,0.5821,-1.2284,0.8042,-0.7273,0.1474,-0.4267,-0.0431
31.299999237060547,939,0.6255,15.897,0.746,11.905,0.1168,0.7528,-0.008,0.5923,-0.8601,0.8326,-0.4856,0.1576,-0.406,-0.0428
31.33333396911621,940,0.6045,15.996,0.728,11.945,0.1216,0.74,-0.016,0.5686,-1.3017,0.7766,-0.7212,0.1811,-0.4594,-0.014
31.366666793823242,941,0.597,15.666,0.651,11.786,0.108,0.7192,-0.0248,0.5771,-2.3059,0.7652,-1.1845,0.1777,-0.459,-0.0296
31.399999618530273,942,0.537,15.759,0.645,11.761,0.096,0.72,0.012,0.4565,-1.4636,0.7064,-0.8754,0.1618,-0.4083,-0.0015
31.433332443237305,943,0.5595,15.87,0.625,11.81,0.0544,0.7792,0.0488,0.493,-0.9662,0.6789,-0.5768,0.1031,-0.33,0.031
31.46666717529297,944,0.345,15.96,0.318,11.858,0.0528,0.776,0.1016,0.4227,-1.014,0.4829,-0.5964,0.1058,-0.3568,0.081
31.5,945,0.324,15.57,0.281,11.54,0.0352,0.7016,0.2152,0.2162,-2.109,0.2247,-1.2094,0.0706,-0.4761,0.2059
31.53333282470703,946,-0.0735,15.1095,-0.073,11.28,0.036,0.6712,0.2656,-0.0306,-2.5256,0.0504,-1.4875,0.0747,-0.4868,0.2552
31.566667556762695,947,-0.0075,14.907,-0.035,11.242,0.004,0.6736,0.2432,-0.1724,-2.5659,-0.0576,-1.4099,0.0634,-0.4675,0.2474
31.600000381469727,948,0.201,14.6445,0.135,11.121,0.0288,0.6856,0.1944,0.2946,-2.4938,0.2953,-1.3902,0.0816,-0.4556,0.1827
31.633333206176758,949,0.291,14.568,0.161,11.124,0.0144,0.6832,0.1472,0.1243,-2.5304,0.139,-1.4,0.0899,-0.4756,0.1499
31.66666603088379,950,0.321,14.646,0.207,11.155,0.0464,0.696,0.1256,0.3899,-2.7784,0.4171,-1.4555,0.1089,-0.4521,0.103
31.700000762939453,951,0.2895,14.5635,0.27,11.08,0.0304,0.6792,0.1272,0.1699,-2.5847,0.2848,-1.3496,0.082,-0.4259,0.1683
31.733333587646484,952,0.225,14.6265,0.215,11.156,0.0568,0.7656,0.208,0.1654,-2.6089,0.3113,-1.4224,0.0783,-0.4453,0.2126
31.766666412353516,953,0.0375,14.643,0.106,11.213,0.0232,0.7864,0.2736,0.1379,-2.6709,0.25,-1.2851,0.0743,-0.3302,0.28
31.799999237060547,954,-0.1005,14.691,-0.105,11.284,0.0032,0.8496,0.4176,-0.2358,-2.5894,-0.0629,-1.2842,0.0546,-0.3209,0.3848
31.83333396911621,955,-0.2415,14.928,-0.214,11.522,-0.0336,0.8864,0.4504,-0.2694,-2.4274,-0.1395,-1.0935,0.0223,-0.27,0.4586
31.866666793823242,956,-0.399,15.072,-0.372,11.782,-0.0416,0.9544,0.5008,-0.2217,-2.0646,-0.1211,-0.756,0.0061,-0.1903,0.4881
31.899999618530273,957,-0.504,15.213,-0.515,11.978,-0.0808,0.9744,0.5384,-0.4829,-1.9958,-0.3743,-0.6343,-0.0111,-0.1889,0.5317
31.933332443237305,958,-0.75,15.432,-0.8,12.043,-0.1032,0.9664,0.5832,-0.8358,-1.8223,-0.7625,-0.4823,-0.0457,-0.1558,0.6008
31.96666717529297,959,-0.7095,15.579,-0.815,12.049,-0.1072,0.9752,0.6136,-0.6795,-1.7066,-0.7044,-0.5389,-0.0369,-0.1933,0.5883
32.0,960,-0.726,15.6675,-0.83,12.06,-0.104,0.9136,0.5856,-0.9032,-1.6434,-0.8982,-0.5251,-0.0561,-0.1985,0.618
32.03333282470703,961,-0.741,15.648,-0.902,12.024,-0.0992,0.9224,0.5728,-0.9574,-1.8348,-0.9473,-0.6797,-0.027,-0.2274,0.5912
32.06666564941406,962,-0.762,15.7005,-0.866,12.065,-0.1008,0.912,0.5584,-0.6554,-1.4364,-0.6973,-0.4933,-0.0198,-0.2272,0.537
32.099998474121094,963,-0.732,15.6855,-0.872,12.025,-0.1176,0.872,0.5456,-0.7681,-1.4084,-0.8188,-0.3766,-0.0442,-0.1948,0.5566
32.13333511352539,964,-0.8085,15.7335,-0.982,12.001,-0.1232,0.8792,0.6016,-0.7444,-1.4337,-0.8093,-0.5251,-0.0379,-0.258,0.5642
32.16666793823242,965,-0.8685,15.678,-1.075,11.985,-0.1256,0.8792,0.5824,-0.8613,-1.621,-0.9706,-0.6233,-0.0631,-0.2542,0.5841
32.20000076293945,966,-0.8985,15.639,-1.127,11.986,-0.144,0.8664,0.6136,-0.8149,-1.6237,-0.9461,-0.6361,-0.0918,-0.276,0.5939
32.233333587646484,967,-0.945,15.7035,-1.212,11.951,-0.1472,0.864,0.6288,-1.0937,-1.5732,-1.2608,-0.5625,-0.1047,-0.3029,0.6413
32.266666412353516,968,-0.948,15.8985,-1.223,12.0,-0.156,0.876,0.6424,-1.1258,-1.6669,-1.2321,-0.8344,-0.0952,-0.3144,0.6564
32.29999923706055,969,-0.9585,16.2465,-1.204,12.044,-0.1448,0.8648,0.5856,-1.0393,-1.0533,-1.1432,-0.4618,-0.0948,-0.2736,0.6144
32.33333206176758,970,-0.9105,16.815,-1.113,12.209,-0.1408,0.8864,0.6,-0.9852,-0.7826,-1.0737,-0.5003,-0.0807,-0.2841,0.5794
32.36666488647461,971,-0.8235,17.2695,-1.06,12.255,-0.144,0.8608,0.5088,-0.7088,-0.1954,-0.863,-0.3508,-0.0402,-0.281,0.489
32.400001525878906,972,-0.1905,18.024,-0.406,12.65,-0.0136,0.9248,0.0968,0.4822,0.693,0.237,0.1137,0.0529,-0.2169,0.0337
32.43333435058594,973,-0.12,17.937,-0.06,12.359,-0.0016,0.8288,0.0464,-0.1014,0.3771,0.0518,-0.2138,0.0747,-0.2858,0.0068
32.46666717529297,974,-0.1065,17.9145,0.2,12.406,0.0192,0.8488,-0.0112,-0.3569,0.3314,0.0633,-0.3408,0.0519,-0.3331,0.0239
32.5,975,0.075,17.8275,0.315,12.31,0.0032,0.8432,-0.0368,-0.2204,0.0809,0.144,-0.5791,0.0592,-0.3729,0.0271
32.53333282470703,976,0.003,17.619,0.221,12.189,-0.0008,0.8352,-0.0152,-0.1997,1.2053,0.2078,-0.1017,0.071,-0.3024,-0.004
32.56666564941406,977,0.0015,17.358,0.197,12.031,-0.0008,0.8248,-0.0064,-0.0667,0.38,0.2637,-0.5115,0.0665,-0.3347,-0.0126
32.599998474121094,978,-0.123,17.0235,0.082,11.787,0.0104,0.7928,0.004,-0.0303,0.1208,0.2639,-0.7051,0.0834,-0.3415,-0.0475
32.63333511352539,979,-0.0315,16.6995,0.136,11.521,0.0408,0.8,-0.0152,-0.1407,-0.4793,0.1553,-1.2344,0.1265,-0.4029,-0.0116
32.66666793823242,980,-0.0075,16.7145,0.15,11.464,0.0776,0.7872,-0.0056,-0.1176,0.4001,0.1837,-0.8585,0.1603,-0.3266,-0.0213
32.70000076293945,981,-0.024,16.827,0.131,11.563,0.128,0.7904,-0.0216,0.092,0.2113,0.3651,-0.843,0.1914,-0.3452,-0.0355
32.733333587646484,982,0.0,16.9305,0.179,11.615,0.1456,0.76,0.0016,0.0388,0.2918,0.3292,-0.8523,0.226,-0.3719,-0.0229
32.766666412353516,983,0.0285,16.689,0.215,11.597,0.2144,0.788,-0.0296,0.0058,0.6754,0.318,-0.7052,0.2792,-0.336,-0.0308
32.79999923706055,984,-0.0045,16.9785,0.179,11.699,0.176,0.792,-0.0136,-0.0597,0.649,0.238,-0.6565,0.2506,-0.319,-0.0349
32.83333206176758,985,0.0225,16.6995,0.204,11.662,0.1696,0.8216,-0.036,0.0379,0.2975,0.2933,-0.8382,0.2393,-0.3651,-0.0401
32.86666488647461,986,0.018,16.8405,0.181,11.749,0.1592,0.836,-0.0264,0.0173,0.7107,0.2823,-0.6414,0.2595,-0.3093,-0.0431
32.900001525878906,987,0.0225,16.7805,0.165,11.833,0.1328,0.8184,-0.0344,-0.0052,0.2794,0.2718,-0.9116,0.2331,-0.3788,-0.047
32.93333435058594,988,0.1065,16.836,0.192,11.793,0.1408,0.8336,-0.0224,0.1382,0.145,0.3485,-0.8624,0.2405,-0.3823,-0.0451
32.96666717529297,989,0.1035,16.9575,0.203,11.998,0.1208,0.82,-0.0232,-0.0302,0.1517,0.1662,-0.7491,0.2378,-0.3504,-0.0384
33.0,990,0.096,16.8855,0.217,11.978,0.152,0.844,-0.0104,0.0922,0.2419,0.3224,-0.6947,0.2268,-0.3224,-0.0255
33.03333282470703,991,0.1065,16.791,0.253,11.975,0.132,0.832,-0.0224,0.2016,0.0757,0.4667,-0.7075,0.2283,-0.2916,-0.0625
33.06666564941406,992,0.1785,16.896,0.273,12.07,0.128,0.8728,-0.04,0.1909,0.0719,0.4071,-0.7482,0.2283,-0.2998,-0.0579
33.099998474121094,993,0.2055,16.722,0.277,11.929,0.1232,0.876,-0.0024,0.3825,-0.0293,0.529,-0.7629,0.2342,-0.3235,-0.0857
33.13333511352539,994,0.2295,16.536,0.278,11.845,0.128,0.8776,-0.0216,0.0952,0.0766,0.2792,-0.6553,0.2531,-0.2534,-0.0162
33.16666793823242,995,0.2235,16.515,0.291,11.908,0.1256,0.9424,-0.0032,0.3227,-0.1862,0.4835,-0.691,0.2537,-0.248,-0.0432
33.20000076293945,996,0.2085,16.4415,0.313,11.916,0.1448,0.984,0.0024,0.2325,0.0283,0.3937,-0.561,0.2504,-0.155,-0.0227
33.233333587646484,997,0.195,16.341,0.34,11.917,0.1432,0.9848,0.0136,0.1189,-0.0737,0.3751,-0.4586,0.2584,-0.1738,0.0013
33.266666412353516,998,0.2145,16.287,0.304,11.969,0.1536,0.988,0.0416,0.1532,-0.2513,0.3769,-0.4876,0.2504,-0.1471,0.0025
33.29999923706055,999,0.1965,16.17,0.343,11.978,0.1704,0.976,0.0112,0.1563,-0.4537,0.3489,-0.6797,0.2711,-0.2047,-0.006
33.33333206176758,1000,0.177,16.038,0.318,11.998,0.1784,0.964,0.0144,0.1935,-0.4542,0.3974,-0.5444,0.246,-0.2008,0.0352
33.36666488647461,1001,0.1695,16.0185,0.294,12.004,0.1632,0.9528,-0.0048,0.3549,-0.4707,0.5298,-0.4652,0.249,-0.1775,-0.0426
33.400001525878906,1002,0.1665,15.651,0.296,11.998,0.1568,0.972,-0.0048,0.2807,-0.9478,0.4862,-0.6178,0.2434,-0.1948,-0.0478
33.43333435058594,1003,0.18,15.8865,0.263,12.191,0.1912,0.9656,-0.0024,0.2474,-0.6965,0.4466,-0.4877,0.2496,-0.1915,-0.036
33.46666717529297,1004,0.147,15.612,0.269,12.051,0.148,0.9456,0.0232,0.0379,-0.4384,0.2638,-0.189,0.255,-0.1679,0.0175
33.5,1005,0.1875,15.5115,0.285,12.193,0.1568,0.9384,0.0168,-0.0666,-0.7388,0.1845,-0.1864,0.2498,-0.1692,0.034
33.53333282470703,1006,0.165,15.4005,0.229,12.236,0.1504,0.916,0.0352,0.111,-1.0282,0.3003,-0.1657,0.2521,-0.1752,0.0292
33.56666564941406,1007,0.0495,15.408,0.146,12.128,0.1688,0.8096,0.0568,-0.0638,-1.6793,0.1572,-0.6324,0.235,-0.3418,0.079
33.599998474121094,1008,-0.063,15.5505,0.091,12.183,0.1256,0.8136,0.1248,-0.1213,-0.9104,0.1095,-0.2276,0.2366,-0.3225,0.0698
33.63333511352539,1009,0.0,15.1575,0.087,12.221,0.14,0.8744,0.0992,-0.0841,-1.5407,0.1006,-0.3456,0.2461,-0.2224,0.0826
33.66666793823242,1010,0.0525,15.1845,0.141,12.258,0.1432,0.9672,0.0224,0.044,-1.4792,0.228,-0.2305,0.2383,-0.1513,0.0444
33.70000076293945,1011,0.084,15.2745,0.18,12.245,0.1296,0.9576,0.0104,0.1431,-1.4721,0.3507,-0.2229,0.2528,-0.1518,-0.0359
33.733333587646484,1012,0.135,15.3915,0.225,12.271,0.1336,0.9312,0.0096,0.1094,-1.5683,0.2947,-0.3169,0.2286,-0.2111,-0.0284
33.766666412353516,1013,0.168,15.4935,0.282,12.338,0.1432,0.9464,-0.0288,0.0677,-1.3911,0.289,-0.3092,0.2356,-0.2018,-0.038
33.79999923706055,1014,0.2625,15.681,0.394,12.33,0.1336,0.9896,-0.0392,0.1272,-0.3817,0.4192,0.2225,0.22,-0.0707,-0.0405
33.83333206176758,1015,0.348,15.2655,0.463,12.304,0.136,0.9616,-0.0568,0.3099,-1.545,0.5603,-0.2957,0.2241,-0.1773,-0.09
33.86666488647461,1016,0.3225,15.282,0.444,12.208,0.132,0.956,-0.0432,0.4687,-1.5118,0.7058,-0.2841,0.2131,-0.1984,-0.0804
33.900001525878906,1017,0.3015,15.3645,0.398,12.173,0.1112,0.9264,0.0096,0.4588,-1.4951,0.6132,-0.4684,0.2312,-0.2353,-0.0498
33.93333435058594,1018,0.3465,15.165,0.385,12.117,0.1072,0.9136,-0.0336,0.3547,-1.5294,0.531,-0.4325,0.2294,-0.2304,-0.0313
33.96666717529297,1019,0.333,15.477,0.351,12.139,0.1088,0.9336,0.0,0.3616,-1.3316,0.5386,-0.4088,0.2226,-0.2221,-0.0078
34.0,1020,0.312,15.327,0.37,12.181,0.1072,0.9424,0.0336,0.3122,-1.7467,0.4738,-0.5129,0.2066,-0.2026,-0.0057
34.03333282470703,1021,0.36,14.9895,0.408,12.134,0.1112,0.9776,0.0112,0.3911,-1.4996,0.5698,-0.3257,0.2,-0.1636,-0.0413
34.06666564941406,1022,0.393,15.294,0.412,12.208,0.0976,0.98,0.008,0.441,-1.6196,0.5741,-0.4263,0.2256,-0.1941,-0.0214
34.099998474121094,1023,0.4035,15.408,0.432,12.075,0.128,0.9512,-0.0184,0.411,-1.9364,0.5361,-0.6167,0.2227,-0.2229,-0.0371
34.13333511352539,1024,0.3915,15.327,0.408,12.116,0.1352,0.9312,-0.0016,0.441,-1.6061,0.5705,-0.3746,0.2256,-0.1791,-0.0439
34.16666793823242,1025,0.387,15.2565,0.413,12.108,0.1344,0.9416,0.0088,0.4352,-2.7153,0.5421,-0.943,0.2415,-0.2828,-0.0397
34.20000076293945,1026,0.3855,15.1935,0.424,12.126,0.1384,0.9504,0.0168,0.587,-1.8062,0.7021,-0.4075,0.2383,-0.2207,-0.0154
34.233333587646484,1027,0.372,15.432,0.414,12.041,0.1664,0.9256,0.0288,0.3932,-1.9427,0.4659,-0.5034,0.2692,-0.207,-0.0075
34.266666412353516,1028,0.402,15.0615,0.403,11.932,0.1856,0.8816,0.0216,0.4284,-2.4704,0.5538,-0.8861,0.3169,-0.3093,-0.0277
34.29999923706055,1029,0.3825,15.1545,0.394,11.867,0.192,0.8832,0.0456,0.5255,-2.3907,0.6073,-0.7615,0.2784,-0.2864,0.0249
34.33333206176758,1030,0.3795,14.787,0.416,11.604,0.2056,0.8248,0.0952,0.4625,-2.1574,0.5824,-0.8031,0.2878,-0.3149,0.0161
34.36666488647461,1031,0.3045,14.6415,0.338,11.685,0.172,0.82,0.1016,0.3276,-2.993,0.4737,-1.2419,0.2794,-0.4002,0.0706
34.400001525878906,1032,0.2535,14.2095,0.336,11.605,0.1888,0.8744,0.0512,0.1194,-3.5991,0.3261,-1.1455,0.2957,-0.2824,0.0653
34.43333435058594,1033,0.3075,13.4985,0.388,11.76,0.2168,1.0528,-0.0576,0.478,-4.1717,0.6606,-0.842,0.3081,-0.062,-0.0812
34.46666717529297,1034,0.48,12.894,0.526,11.732,0.1992,1.156,-0.1048,0.7282,-5.0135,0.8761,-0.9109,0.2877,0.0204,-0.1796
34.5,1035,0.555,12.3375,0.605,11.786,0.1776,1.2528,-0.148,0.5789,-5.033,0.7551,-0.6493,0.2903,0.1335,-0.1795
34.53333282470703,1036,0.5985,12.1905,0.623,11.793,0.1832,1.2552,-0.1416,0.7462,-5.2277,0.8636,-0.5811,0.275,0.1346,-0.2206
34.56666564941406,1037,0.657,11.886,0.627,11.704,0.1936,1.2712,-0.1096,0.6897,-5.4287,0.8171,-0.7066,0.2908,0.1326,-0.2088
34.599998474121094,1038,0.693,11.739,0.66,11.6,0.1752,1.216,-0.1368,0.9436,-5.6346,0.9617,-0.8633,0.2919,0.0964,-0.1518
34.63333511352539,1039,0.7275,11.4705,0.664,11.492,0.1736,1.236,-0.1384,0.8992,-5.9449,0.9567,-0.957,0.279,0.09,-0.2176
34.66666793823242,1040,0.6555,10.92,0.647,11.487,0.1704,1.288,-0.1552,0.7004,-6.2636,0.8192,-1.0588,0.2623,0.1301,-0.1649
34.70000076293945,1041,0.561,10.713,0.554,11.584,0.1584,1.3784,-0.1072,0.6758,-6.6462,0.8067,-0.9033,0.2553,0.2513,-0.1299
34.733333587646484,1042,0.4815,10.176,0.503,11.607,0.1304,1.4936,-0.0904,0.5251,-7.1749,0.6623,-0.9186,0.2155,0.3687,-0.1014
34.766666412353516,1043,0.423,9.717,0.448,11.664,0.1096,1.5696,-0.112,0.3624,-7.512,0.4896,-0.7408,0.2276,0.4696,-0.1351
34.79999923706055,1044,0.408,9.2205,0.433,11.734,0.112,1.6608,-0.1376,0.567,-8.5766,0.7032,-0.919,0.2077,0.4846,-0.1717
34.83333206176758,1045,0.336,8.9685,0.409,11.737,0.0848,1.7856,-0.1256,0.4772,-8.6086,0.6148,-0.7371,0.211,0.661,-0.196
34.86666488647461,1046,0.3375,8.7495,0.391,11.815,0.1008,1.844,-0.1432,0.4651,-8.6971,0.5994,-0.6927,0.1931,0.712,-0.1797
34.900001525878906,1047,0.3525,10.059,0.431,11.337,0.1144,1.2952,-0.1088,0.1981,-5.1589,0.4557,-0.6954,0.2009,0.0775,-0.0799
34.93333435058594,1048,0.3945,10.818,0.462,11.28,0.0928,1.1288,-0.0608,0.385,-6.3573,0.6075,-1.266,0.2088,-0.01,-0.0581
34.96666717529297,1049,0.1215,9.234,0.265,11.314,0.12,1.3296,-0.1712,0.2239,-10.3912,0.4343,-1.9946,0.2204,0.0388,-0.175
35.0,1050,0.36,9.192,0.478,11.663,0.1072,1.7632,-0.2944,0.5113,-7.9458,0.7737,-0.4187,0.2176,0.7127,-0.3512
35.03333282470703,1051,0.4395,9.072,0.555,12.274,0.0776,2.084,-0.1744,0.2076,-8.504,0.4804,-0.1947,0.1864,0.9181,-0.203
35.06666564941406,1052,0.2115,8.787,0.357,12.305,0.0704,2.2768,-0.1672,0.296,-8.8836,0.5406,-0.1781,0.1688,1.1147,-0.1855
35.099998474121094,1053,0.183,9.2895,0.388,12.605,0.084,2.3176,-0.2744,0.2753,-8.1494,0.6034,0.3245,0.1772,1.2201,-0.2888
35.13333511352539,1054,0.3495,9.1305,0.543,12.362,0.108,2.208,-0.2304,0.4335,-8.924,0.6876,-0.2464,0.207,1.0725,-0.299
35.16666793823242,1055,0.2715,8.9505,0.432,11.944,0.1104,2.108,-0.1376,0.3168,-8.8275,0.5873,-0.6269,0.2101,0.9408,-0.1971
35.20000076293945,1056,0.0825,10.227,0.286,12.241,0.1272,2.0744,-0.0816,0.0832,-8.0197,0.3746,-0.4837,0.2293,0.8798,-0.1038
35.233333587646484,1057,0.2475,11.6295,0.395,12.394,0.1416,2.024,-0.1,0.0961,-6.6265,0.3923,-0.0833,0.2411,0.8631,-0.0897
35.266666412353516,1058,0.342,13.635,0.467,12.429,0.1752,1.792,-0.0504,0.5608,-3.5526,0.7466,0.4124,0.2759,0.7177,-0.1066
35.29999923706055,1059,0.324,15.579,0.477,12.53,0.2328,1.4512,-0.0616,0.4387,-1.5614,0.6941,0.3943,0.3256,0.3372,-0.1066
35.33333206176758,1060,0.453,17.3145,0.555,12.666,0.2304,1.152,-0.0312,0.3036,-0.1566,0.5462,0.2428,0.3592,0.0133,-0.0702
35.36666488647461,1061,0.5835,18.6255,0.704,12.755,0.212,1.0328,-0.0608,0.5608,1.1424,0.7741,0.2658,0.3236,-0.1057,-0.0658
35.400001525878906,1062,0.501,19.167,0.586,12.389,0.1872,0.7992,-0.0168,0.5279,0.8209,0.7338,-0.6528,0.3197,-0.4149,-0.0621
35.43333435058594,1063,0.2955,18.642,0.36,12.152,0.1792,0.8544,0.0032,0.4968,0.9711,0.6475,-0.5462,0.2851,-0.3429,-0.0467
35.46666717529297,1064,0.5385,18.3375,0.461,12.066,0.1936,0.9112,-0.0384,0.7407,0.8209,0.7042,-0.4253,0.291,-0.2387,-0.0747
35.5,1065,0.3615,17.7735,0.334,11.656,0.1784,0.832,-0.0496,0.1676,1.3366,0.2577,-0.6094,0.27,-0.2537,-0.0421
35.53333282470703,1066,0.2835,17.1555,0.304,11.618,0.1536,0.836,-0.0288,0.2464,0.6562,0.4492,-0.7241,0.2661,-0.3235,-0.0841
35.56666564941406,1067,0.222,16.686,0.326,11.506,0.168,0.836,-0.0512,0.115,-0.6086,0.3255,-1.1669,0.2635,-0.3596,-0.0717
35.599998474121094,1068,0.243,16.8585,0.324,11.486,0.1424,0.804,-0.0944,0.2089,0.3126,0.4218,-0.8958,0.2668,-0.3595,-0.0975
35.63333511352539,1069,0.192,17.499,0.286,11.597,0.1608,0.672,-0.084,-0.1032,1.888,0.1461,-0.1539,0.2633,-0.3347,-0.0821
35.66666793823242,1070,0.216,17.4615,0.309,11.708,0.1696,0.5648,-0.1232,0.3779,1.1245,0.5523,-0.5972,0.2533,-0.5738,-0.1508
35.70000076293945,1071,0.246,17.4195,0.354,11.771,0.156,0.488,-0.1576,0.2201,-0.0589,0.3916,-0.9805,0.2566,-0.6553,-0.1619
35.733333587646484,1072,0.231,17.2335,0.344,11.81,0.1384,0.4448,-0.2264,0.1726,0.984,0.4058,-0.9942,0.2652,-0.7683,-0.2334
35.766666412353516,1073,0.24,17.3355,0.353,11.665,0.1552,0.3816,-0.2528,0.2236,1.8198,0.4066,-0.5795,0.2511,-0.7115,-0.2786
35.79999923706055,1074,0.2895,16.7625,0.401,11.695,0.144,0.4344,-0.2912,0.444,1.2378,0.6297,-0.4192,0.2575,-0.7057,-0.3379
35.83333206176758,1075,0.3525,16.5255,0.575,11.717,0.1264,0.4328,-0.304,0.25,0.7462,0.5298,-0.8327,0.2638,-0.7408,-0.3342
35.86666488647461,1076,0.2415,16.338,0.539,11.687,0.1504,0.4376,-0.3152,0.3561,-0.9122,0.6194,-1.5004,0.2611,-0.8494,-0.3246
35.900001525878906,1077,0.3165,16.5975,0.635,11.929,0.1496,0.4688,-0.2912,0.3926,0.8639,0.7593,-0.9408,0.2459,-0.7634,-0.3214
35.93333435058594,1078,0.522,16.491,0.691,12.066,0.1416,0.484,-0.2936,0.6078,0.973,0.7592,-0.6272,0.2405,-0.7105,-0.3357
35.96666717529297,1079,0.4755,16.2525,0.588,11.875,0.1448,0.4136,-0.2664,0.5778,0.0752,0.657,-1.1453,0.2505,-0.8091,-0.3425
36.0,1080,0.4815,16.194,0.636,12.05,0.1432,0.4304,-0.2944,0.4746,1.8529,0.6317,-0.2147,0.2237,-0.7145,-0.3338
36.03333282470703,1081,0.5055,15.945,0.687,12.163,0.1296,0.3968,-0.3072,0.4852,2.2089,0.7145,-0.0647,0.2697,-0.7066,-0.3152
36.06666564941406,1082,0.5085,15.477,0.67,11.854,0.1352,0.3944,-0.2976,0.5985,1.5205,0.7942,-0.7648,0.2371,-0.7484,-0.3233
36.099998474121094,1083,0.4935,15.3045,0.674,12.137,0.1056,0.4176,-0.292,0.5091,1.8099,0.7366,0.0701,0.2332,-0.6323,-0.3325
36.13333511352539,1084,0.4485,14.922,0.659,11.979,0.14,0.4,-0.2432,0.3294,1.3579,0.5667,-1.0456,0.2189,-0.7837,-0.2766
36.16666793823242,1085,0.5115,14.6055,0.679,12.095,0.116,0.4224,-0.2712,0.4396,0.4501,0.6249,-0.6269,0.2097,-0.7157,-0.2855
36.20000076293945,1086,0.4695,14.061,0.677,11.943,0.0912,0.388,-0.2864,0.5997,-0.0484,0.7739,-1.4453,0.2196,-0.8599,-0.3108
36.233333587646484,1087,0.4695,14.1255,0.679,12.172,0.0984,0.3992,-0.2872,0.6004,0.8182,0.8017,-0.4155,0.2255,-0.7231,-0.2795
36.266666412353516,1088,0.489,13.6305,0.715,12.191,0.1032,0.3808,-0.2696,0.4608,1.5115,0.7322,-0.7224,0.2121,-0.7696,-0.33
36.29999923706055,1089,0.4695,13.464,0.703,12.298,0.104,0.472,-0.2952,0.3343,1.232,0.6154,-0.6768,0.2152,-0.7351,-0.2816
36.33333206176758,1090,0.474,12.8805,0.675,12.31,0.104,0.4168,-0.2608,0.1606,1.9935,0.3953,0.0651,0.2124,-0.5842,-0.2394
36.36666488647461,1091,0.459,12.258,0.72,12.151,0.088,0.3976,-0.3072,0.5134,-0.5994,0.6859,-0.5735,0.2167,-0.6065,-0.3124
36.400001525878906,1092,0.4695,12.39,0.761,12.834,0.1264,0.436,-0.3344,0.3758,0.7494,0.567,0.3807,0.2062,-0.5205,-0.346
36.43333435058594,1093,0.462,12.21,0.701,13.298,0.104,0.5192,-0.3136,0.409,0.4377,0.6138,0.3967,0.1955,-0.5022,-0.3285
36.46666717529297,1094,0.456,11.9835,0.671,13.176,0.0912,0.4544,-0.2904,0.4265,0.5105,0.6311,0.5469,0.1869,-0.5085,-0.3192
36.5,1095,0.42,11.892,0.655,13.205,0.0776,0.344,-0.2784,0.5407,0.1395,0.7318,-0.1443,0.1622,-0.7971,-0.3467
36.53333282470703,1096,0.318,11.7735,0.555,12.929,0.0904,0.2144,-0.2784,0.4397,0.1646,0.5915,-0.5825,0.1527,-0.9661,-0.2936
36.56666564941406,1097,0.459,11.6535,0.604,12.975,0.0616,0.1928,-0.2552,0.5073,0.2588,0.6136,-0.5572,0.1486,-0.9612,-0.3157
36.599998474121094,1098,0.4125,11.6565,0.492,12.91,0.0328,0.316,-0.2648,0.4079,0.7196,0.4552,0.0512,0.1252,-0.6555,-0.315
36.63333511352539,1099,0.2715,11.703,0.307,12.772,0.0224,0.3512,-0.2176,0.4407,1.1655,0.4602,0.7406,0.1138,-0.4845,-0.2999
36.66666793823242,1100,0.33,11.4045,0.374,12.524,0.0136,0.2832,-0.196,0.4052,0.8197,0.3757,0.4688,0.1368,-0.5526,-0.235
36.70000076293945,1101,0.303,11.292,0.39,12.285,0.032,0.16,-0.1192,0.3423,0.4032,0.3451,0.0363,0.1171,-0.7449,-0.1764
36.733333587646484,1102,0.2475,11.55,0.349,12.673,0.0232,0.2272,-0.0408,0.195,1.1217,0.2478,0.8135,0.0944,-0.6003,-0.0769
36.766666412353516,1103,0.2055,11.4255,0.358,12.995,0.0072,0.2672,0.0568,0.2851,0.3859,0.3407,0.2849,0.1052,-0.6048,-0.0252
36.79999923706055,1104,0.258,11.6775,0.364,12.918,0.0272,0.2008,0.076,0.233,0.5997,0.2768,0.1869,0.1232,-0.6628,0.0303
36.83333206176758,1105,0.2655,11.931,0.394,12.776,0.036,0.06,0.0776,0.353,0.2845,0.4024,-0.2981,0.1313,-0.8783,-0.007
36.86666488647461,1106,0.255,11.3055,0.384,12.766,0.0584,0.1536,0.0928,0.1996,0.5175,0.3015,0.2251,0.1152,-0.725,0.0534
36.900001525878906,1107,0.2175,11.5005,0.381,12.522,0.0624,0.1096,0.0752,0.302,0.3127,0.3709,-0.0915,0.1139,-0.757,-0.0057
36.93333435058594,1108,0.27,11.3535,0.392,12.605,0.0432,0.0904,0.0608,0.2503,0.609,0.3193,0.3503,0.1108,-0.7251,-0.0145
36.96666717529297,1109,0.2715,11.2395,0.401,12.394,0.0872,0.0312,0.0504,0.1725,0.5846,0.2575,0.1669,0.1103,-0.7206,0.0287
37.0,1110,0.2505,11.163,0.385,12.448,0.068,0.0296,0.036,0.2053,0.6655,0.2801,0.1856,0.1535,-0.762,-0.0302
37.03333282470703,1111,0.2265,11.043,0.415,12.337,0.0848,0.0408,0.0096,0.3306,0.432,0.4429,0.1551,0.1613,-0.7502,-0.0504
37.06666564941406,1112,0.2445,11.0655,0.383,12.252,0.1048,0.1296,-0.0032,0.2831,0.518,0.3616,0.2709,0.2012,-0.6021,-0.0773
37.099998474121094,1113,0.267,11.0235,0.422,12.363,0.1664,0.2936,-0.0032,0.2537,0.3156,0.3635,0.0714,0.2505,-0.4572,-0.0846
37.13333511352539,1114,0.285,11.403,0.427,12.72,0.2152,0.5152,-0.0024,0.3246,0.3668,0.4079,0.1279,0.2803,-0.2865,-0.0603
37.16666793823242,1115,0.2355,11.133,0.419,12.521,0.1992,0.6,-0.012,0.3085,0.1939,0.4349,0.04,0.3009,-0.1924,-0.094
37.20000076293945,1116,0.303,11.04,0.466,12.45,0.1944,0.624,-0.0152,0.356,0.0826,0.491,-0.0495,0.2949,-0.1416,-0.1082
37.233333587646484,1117,0.2775,10.962,0.432,12.349,0.2176,0.6248,-0.0152,0.2185,-0.0374,0.2745,-0.2488,0.2856,-0.1716,-0.0638
37.266666412353516,1118,0.297,10.983,0.456,12.273,0.2088,0.648,-0.04,0.3642,-0.2895,0.5007,-0.5254,0.2703,-0.1895,-0.1142
37.29999923706055,1119,0.3075,10.974,0.45,12.234,0.1896,0.6096,-0.0376,0.2851,-0.108,0.3886,-0.4271,0.2574,-0.1889,-0.1064
37.33333206176758,1120,0.279,10.9275,0.438,12.219,0.1768,0.6192,-0.012,0.3636,-0.2579,0.4463,-0.4713,0.2693,-0.1923,-0.0725
37.36666488647461,1121,0.3225,10.935,0.462,12.209,0.1736,0.6512,-0.0096,0.3087,-0.1573,0.4203,-0.4063,0.2624,-0.18,-0.0685
37.400001525878906,1122,0.279,10.9275,0.448,12.22,0.1544,0.6848,0.0456,0.3758,-0.0281,0.4389,-0.2988,0.2567,-0.0786,-0.0243
37.43333435058594,1123,0.291,10.947,0.436,12.211,0.1424,0.728,0.0728,0.3894,-0.2755,0.4417,-0.4622,0.2356,-0.1034,-0.0127
37.46666717529297,1124,0.288,10.9455,0.46,12.21,0.1232,0.6832,0.0912,0.2106,-0.2093,0.2849,-0.4251,0.2092,-0.0757,0.0393
37.5,1125,0.2985,10.908,0.417,12.222,0.1272,0.6944,0.0984,0.3189,-0.2272,0.3885,-0.4418,0.2061,-0.1014,0.0097
37.53333282470703,1126,0.306,10.935,0.416,12.219,0.0984,0.6928,0.0712,0.265,0.0699,0.3459,-0.313,0.1574,-0.0999,0.0223
37.56666564941406,1127,0.288,10.932,0.442,12.232,0.068,0.6992,0.0608,0.2065,-0.157,0.2759,-0.4163,0.1325,-0.1079,0.0143
37.599998474121094,1128,0.279,10.9665,0.437,12.234,0.0336,0.6912,0.0816,0.3723,-0.2141,0.474,-0.46,0.1579,-0.1364,-0.0149
37.63333511352539,1129,0.258,10.9185,0.408,12.234,0.0544,0.696,0.0664,0.2393,-0.1005,0.3163,-0.3425,0.1262,-0.1327,-0.0204
37.66666793823242,1130,0.27,10.944,0.431,12.247,0.052,0.6664,0.0528,0.186,-0.132,0.2879,-0.2935,0.1238,-0.1214,0.0037
37.70000076293945,1131,0.252,10.923,0.417,12.262,0.0616,0.6408,0.0376,0.1775,-0.2501,0.3115,-0.4187,0.1059,-0.1496,-0.0063
37.733333587646484,1132,0.261,10.9575,0.373,12.249,0.0456,0.636,0.0176,0.177,-0.142,0.2146,-0.4373,0.1032,-0.1664,-0.0033
37.766666412353516,1133,0.267,10.926,0.4,12.283,0.0352,0.644,-0.0128,0.2028,-0.0861,0.2557,-0.3706,0.1262,-0.1557,-0.044
37.79999923706055,1134,0.264,10.9515,0.375,12.278,0.0168,0.6528,-0.0008,0.1947,-0.0825,0.2536,-0.344,0.1167,-0.1655,-0.0648
37.83333206176758,1135,0.2265,10.9515,0.349,12.279,0.0272,0.6496,-0.0152,0.307,-0.1734,0.3433,-0.3907,0.1408,-0.1433,-0.0773
37.86666488647461,1136,0.1215,10.9545,0.321,12.29,0.028,0.6392,-0.0128,0.0817,-0.1687,0.2377,-0.3618,0.1199,-0.1721,-0.0567
37.900001525878906,1137,0.2205,10.956,0.444,12.313,0.0432,0.6352,-0.0312,0.2597,-0.0052,0.4263,-0.2954,0.1396,-0.1805,-0.1151
37.93333435058594,1138,0.1875,10.9755,0.409,12.314,0.0304,0.648,-0.044,0.1902,-0.0235,0.3193,-0.2299,0.1315,-0.146,-0.0935
37.96666717529297,1139,0.123,10.956,0.323,12.336,0.0312,0.6624,-0.0272,0.1391,-0.1093,0.2818,-0.3377,0.1099,-0.1779,-0.0813
38.0,1140,0.2265,10.9755,0.445,12.353,0.0488,0.632,-0.0288,0.2248,-0.2018,0.3617,-0.3256,0.1304,-0.1481,-0.1072
